Date,Location,Temperature (Â°C),Humidity (%),Wind Speed (km/h),Precipitation (mm),Weather Condition
2023-01-01,New York,29.3,49,7.4,13.0,Sunny
2023-01-01,Los Angeles,25.9,55,3.6,4.4,Stormy
2023-01-01,Chicago,8.9,59,16.9,2.4,Windy
2023-01-01,Houston,22.2,58,6.7,1.5,Sunny
2023-01-01,Miami,26.0,35,2.6,14.4,Sunny
2023-01-02,New York,9.9,65,11.6,1.2,Windy
2023-01-02,Los Angeles,28.9,52,4.0,11.3,Snowy
2023-01-02,Chicago,21.1,52,18.5,19.4,Cloudy
2023-01-02,Houston,14.0,99,10.1,13.6,Rainy
2023-01-02,Miami,34.4,32,1.3,8.4,Rainy
2023-01-03,New York,20.1,58,12.3,9.8,Rainy
2023-01-03,Los Angeles,-6.0,64,0.5,13.0,Stormy
2023-01-03,Chicago,17.1,36,6.8,19.6,Stormy
2023-01-03,Houston,9.0,92,18.8,18.3,Stormy
2023-01-03,Miami,34.0,47,17.2,9.2,Stormy
2023-01-04,New York,-8.1,68,0.8,3.6,Windy
2023-01-04,Los Angeles,2.7,67,19.8,7.5,Snowy
2023-01-04,Chicago,1.6,94,5.0,3.0,Sunny
2023-01-04,Houston,-0.5,64,3.4,16.9,Stormy
2023-01-04,Miami,11.8,91,2.7,13.9,Stormy
2023-01-05,New York,21.9,77,11.9,5.0,Cloudy
2023-01-05,Los Angeles,21.7,94,4.4,5.2,Rainy
2023-01-05,Chicago,-4.4,94,13.7,10.9,Sunny
2023-01-05,Houston,7.2,87,16.1,10.7,Stormy
2023-01-05,Miami,9.1,37,13.3,11.3,Rainy
2023-01-06,New York,22.7,96,19.0,17.1,Windy
2023-01-06,Los Angeles,7.9,38,11.9,10.8,Sunny
2023-01-06,Chicago,26.4,31,5.5,2.3,Stormy
2023-01-06,Houston,-9.0,80,2.2,14.1,Stormy
2023-01-06,Miami,15.4,85,16.2,4.6,Sunny
2023-01-07,New York,-0.8,71,17.6,12.6,Cloudy
2023-01-07,Los Angeles,32.6,44,16.3,7.7,Sunny
2023-01-07,Chicago,-1.7,40,7.1,18.1,Snowy
2023-01-07,Houston,18.6,97,16.7,11.4,Stormy
2023-01-07,Miami,20.9,36,17.8,10.6,Stormy
2023-01-08,New York,22.9,34,15.1,4.1,Stormy
2023-01-08,Los Angeles,17.9,77,8.9,6.2,Cloudy
2023-01-08,Chicago,18.4,60,4.0,14.3,Rainy
2023-01-08,Houston,8.3,81,12.2,3.7,Rainy
2023-01-08,Miami,4.0,42,10.4,17.6,Cloudy
2023-01-09,New York,-1.2,43,12.7,8.5,Windy
2023-01-09,Los Angeles,19.5,61,19.1,16.9,Sunny
2023-01-09,Chicago,33.3,85,11.5,6.8,Windy
2023-01-09,Houston,23.8,68,6.2,0.8,Snowy
2023-01-09,Miami,24.4,84,8.9,2.6,Sunny
2023-01-10,New York,29.1,98,7.0,3.5,Stormy
2023-01-10,Los Angeles,20.6,35,12.0,11.8,Rainy
2023-01-10,Chicago,7.9,72,17.7,1.4,Cloudy
2023-01-10,Houston,3.5,61,18.5,10.2,Rainy
2023-01-10,Miami,5.3,53,4.3,1.6,Stormy
2023-01-11,New York,9.2,50,11.3,17.5,Cloudy
2023-01-11,Los Angeles,12.2,63,8.3,3.4,Rainy
2023-01-11,Chicago,2.0,74,5.5,15.1,Rainy
2023-01-11,Houston,32.8,61,4.6,12.5,Stormy
2023-01-11,Miami,9.7,46,1.6,0.2,Cloudy
2023-01-12,New York,-7.0,31,14.1,6.7,Rainy
2023-01-12,Los Angeles,-4.5,33,11.8,6.8,Stormy
2023-01-12,Chicago,-5.3,86,16.9,10.7,Stormy
2023-01-12,Houston,21.6,100,18.2,7.7,Rainy
2023-01-12,Miami,7.3,35,10.2,3.9,Stormy
2023-01-13,New York,-5.6,51,5.3,5.8,Cloudy
2023-01-13,Los Angeles,-7.1,67,0.5,17.5,Stormy
2023-01-13,Chicago,15.5,99,16.3,12.3,Cloudy
2023-01-13,Houston,4.3,67,16.7,5.7,Sunny
2023-01-13,Miami,22.3,77,13.4,2.3,Snowy
2023-01-14,New York,26.5,65,18.9,19.1,Stormy
2023-01-14,Los Angeles,16.5,86,5.2,0.1,Windy
2023-01-14,Chicago,23.5,94,2.2,0.3,Sunny
2023-01-14,Houston,-4.0,42,4.3,0.4,Windy
2023-01-14,Miami,0.8,59,14.8,6.6,Windy
2023-01-15,New York,23.9,60,17.6,10.8,Snowy
2023-01-15,Los Angeles,24.4,52,18.8,19.9,Windy
2023-01-15,Chicago,27.0,61,1.7,12.2,Snowy
2023-01-15,Houston,17.8,94,7.8,5.3,Stormy
2023-01-15,Miami,-2.7,94,15.3,20.0,Cloudy
2023-01-16,New York,29.1,62,8.7,7.4,Cloudy
2023-01-16,Los Angeles,-3.0,38,4.2,9.8,Windy
2023-01-16,Chicago,-4.1,79,1.2,14.5,Cloudy
2023-01-16,Houston,-4.4,70,18.1,9.2,Cloudy
2023-01-16,Miami,31.1,95,18.0,2.7,Snowy
2023-01-17,New York,32.8,72,7.5,19.0,Sunny
2023-01-17,Los Angeles,11.1,45,11.4,13.1,Windy
2023-01-17,Chicago,-0.4,31,2.8,12.2,Rainy
2023-01-17,Houston,12.1,43,5.6,19.7,Snowy
2023-01-17,Miami,6.7,94,8.3,8.2,Rainy
2023-01-18,New York,4.6,58,7.3,1.6,Snowy
2023-01-18,Los Angeles,21.5,88,17.1,5.7,Snowy
2023-01-18,Chicago,-1.9,92,2.8,18.9,Rainy
2023-01-18,Houston,3.8,36,2.1,15.8,Stormy
2023-01-18,Miami,17.4,74,5.6,10.7,Rainy
2023-01-19,New York,-2.2,53,12.7,15.9,Stormy
2023-01-19,Los Angeles,-7.4,78,6.5,3.3,Snowy
2023-01-19,Chicago,21.9,37,13.4,10.7,Snowy
2023-01-19,Houston,6.1,39,13.9,1.7,Snowy
2023-01-19,Miami,3.7,52,0.5,1.9,Sunny
2023-01-20,New York,17.7,35,18.9,18.8,Windy
2023-01-20,Los Angeles,-4.7,67,19.6,8.9,Cloudy
2023-01-20,Chicago,4.9,74,1.9,16.9,Windy
2023-01-20,Houston,10.3,77,11.5,2.1,Cloudy
2023-01-20,Miami,-2.6,97,10.2,16.6,Snowy
2023-01-21,New York,21.7,63,14.4,12.8,Rainy
2023-01-21,Los Angeles,14.8,93,7.2,14.2,Sunny
2023-01-21,Chicago,30.9,48,17.4,15.0,Rainy
2023-01-21,Houston,30.4,67,19.7,3.6,Rainy
2023-01-21,Miami,24.8,75,4.3,19.7,Sunny
2023-01-22,New York,32.8,50,6.3,13.2,Snowy
2023-01-22,Los Angeles,-4.3,62,17.7,18.0,Stormy
2023-01-22,Chicago,-8.7,83,0.3,16.7,Rainy
2023-01-22,Houston,1.2,76,16.0,3.2,Sunny
2023-01-22,Miami,-4.3,80,14.2,5.4,Rainy
2023-01-23,New York,1.9,50,19.2,1.0,Windy
2023-01-23,Los Angeles,-9.7,37,9.2,10.2,Rainy
2023-01-23,Chicago,13.7,84,12.6,7.8,Windy
2023-01-23,Houston,0.3,39,6.6,15.1,Sunny
2023-01-23,Miami,29.0,38,6.5,2.5,Stormy
2023-01-24,New York,20.7,58,3.9,19.6,Windy
2023-01-24,Los Angeles,11.2,38,10.0,6.5,Stormy
2023-01-24,Chicago,14.0,57,8.1,11.3,Windy
2023-01-24,Houston,17.9,61,14.8,18.2,Stormy
2023-01-24,Miami,-5.8,30,1.9,12.5,Snowy
2023-01-25,New York,12.4,51,12.9,11.2,Windy
2023-01-25,Los Angeles,-0.9,64,18.7,5.7,Rainy
2023-01-25,Chicago,31.6,55,8.4,6.9,Cloudy
2023-01-25,Houston,2.9,56,17.2,13.2,Sunny
2023-01-25,Miami,19.7,53,16.1,11.8,Cloudy
2023-01-26,New York,4.0,69,14.0,8.6,Sunny
2023-01-26,Los Angeles,32.7,73,8.8,11.7,Windy
2023-01-26,Chicago,6.0,71,17.3,11.8,Rainy
2023-01-26,Houston,16.9,66,10.2,16.6,Windy
2023-01-26,Miami,30.4,36,2.2,11.2,Stormy
2023-01-27,New York,12.0,34,9.0,11.3,Snowy
2023-01-27,Los Angeles,6.2,63,2.4,15.7,Rainy
2023-01-27,Chicago,0.3,44,5.4,18.4,Rainy
2023-01-27,Houston,6.8,93,4.0,18.9,Rainy
2023-01-27,Miami,32.1,40,18.6,0.8,Sunny
2023-01-28,New York,8.2,31,14.4,9.7,Stormy
2023-01-28,Los Angeles,2.0,70,6.5,3.3,Stormy
2023-01-28,Chicago,9.2,32,1.3,9.6,Stormy
2023-01-28,Houston,-8.8,40,5.8,19.6,Stormy
2023-01-28,Miami,5.3,88,13.4,6.1,Cloudy
2023-01-29,New York,-1.2,92,16.8,7.5,Cloudy
2023-01-29,Los Angeles,32.9,84,14.8,0.5,Rainy
2023-01-29,Chicago,14.6,64,8.2,11.1,Windy
2023-01-29,Houston,9.0,32,19.7,7.6,Windy
2023-01-29,Miami,16.8,70,0.1,10.3,Sunny
2023-01-30,New York,31.5,92,7.7,7.0,Rainy
2023-01-30,Los Angeles,12.2,51,18.1,11.2,Stormy
2023-01-30,Chicago,-3.8,66,2.1,16.9,Sunny
2023-01-30,Houston,-7.9,87,18.2,17.1,Stormy
2023-01-30,Miami,-3.7,58,16.6,4.7,Rainy
2023-01-31,New York,-1.4,42,5.1,1.1,Snowy
2023-01-31,Los Angeles,-5.8,47,14.2,19.2,Stormy
2023-01-31,Chicago,-9.7,34,16.2,10.6,Sunny
2023-01-31,Houston,1.5,86,12.2,15.3,Cloudy
2023-01-31,Miami,11.8,94,3.2,9.4,Sunny
2023-02-01,New York,12.8,51,7.7,1.2,Sunny
2023-02-01,Los Angeles,12.2,82,13.2,14.8,Rainy
2023-02-01,Chicago,27.4,98,2.9,19.2,Snowy
2023-02-01,Houston,34.7,38,16.3,19.3,Stormy
2023-02-01,Miami,18.7,62,18.9,7.6,Snowy
2023-02-02,New York,-7.2,72,1.7,14.9,Cloudy
2023-02-02,Los Angeles,9.7,83,15.6,12.0,Snowy
2023-02-02,Chicago,20.2,71,15.9,11.1,Stormy
2023-02-02,Houston,27.7,92,5.3,5.3,Rainy
2023-02-02,Miami,-3.1,46,6.4,11.0,Rainy
2023-02-03,New York,-7.9,47,18.7,3.2,Stormy
2023-02-03,Los Angeles,32.9,98,7.7,7.2,Snowy
2023-02-03,Chicago,3.7,48,11.2,13.3,Cloudy
2023-02-03,Houston,17.9,30,2.7,0.8,Cloudy
2023-02-03,Miami,26.0,78,18.6,4.9,Sunny
2023-02-04,New York,34.1,67,9.4,14.8,Windy
2023-02-04,Los Angeles,20.0,79,13.2,14.9,Sunny
2023-02-04,Chicago,-2.3,86,11.4,1.2,Stormy
2023-02-04,Houston,5.9,94,11.5,17.1,Snowy
2023-02-04,Miami,29.9,49,5.5,2.9,Windy
2023-02-05,New York,22.1,73,15.4,4.9,Stormy
2023-02-05,Los Angeles,3.7,44,8.6,1.6,Sunny
2023-02-05,Chicago,12.2,99,17.2,14.5,Windy
2023-02-05,Houston,29.5,49,11.2,9.5,Sunny
2023-02-05,Miami,6.8,93,18.3,2.9,Rainy
2023-02-06,New York,15.6,30,9.6,13.2,Sunny
2023-02-06,Los Angeles,-8.5,47,15.5,12.7,Cloudy
2023-02-06,Chicago,33.7,100,4.5,2.8,Sunny
2023-02-06,Houston,9.1,92,16.0,12.6,Sunny
2023-02-06,Miami,6.9,53,4.6,14.8,Rainy
2023-02-07,New York,13.8,39,4.5,0.3,Cloudy
2023-02-07,Los Angeles,-8.5,83,13.7,11.9,Rainy
2023-02-07,Chicago,-0.3,46,0.3,1.6,Rainy
2023-02-07,Houston,1.2,51,19.8,14.9,Sunny
2023-02-07,Miami,23.7,44,11.5,3.6,Windy
2023-02-08,New York,10.3,34,18.0,1.6,Snowy
2023-02-08,Los Angeles,28.6,45,0.0,12.1,Rainy
2023-02-08,Chicago,-0.8,34,5.2,0.6,Rainy
2023-02-08,Houston,9.9,89,17.2,9.8,Windy
2023-02-08,Miami,26.6,91,2.7,8.6,Cloudy
2023-02-09,New York,24.5,48,13.9,3.5,Cloudy
2023-02-09,Los Angeles,-1.4,77,7.6,6.6,Sunny
2023-02-09,Chicago,12.4,54,1.6,13.8,Snowy
2023-02-09,Houston,33.1,78,3.0,4.5,Stormy
2023-02-09,Miami,31.5,90,14.9,17.7,Rainy
2023-02-10,New York,19.9,84,12.7,0.0,Rainy
2023-02-10,Los Angeles,12.1,71,6.8,19.6,Rainy
2023-02-10,Chicago,14.2,81,2.8,14.4,Windy
2023-02-10,Houston,-9.8,42,16.2,19.9,Rainy
2023-02-10,Miami,24.4,48,12.4,15.5,Snowy
2023-02-11,New York,13.0,48,3.8,11.7,Windy
2023-02-11,Los Angeles,17.7,42,18.3,5.1,Windy
2023-02-11,Chicago,1.8,67,3.4,2.0,Snowy
2023-02-11,Houston,0.1,84,12.8,18.8,Snowy
2023-02-11,Miami,10.5,64,10.2,15.1,Windy
2023-02-12,New York,-0.9,92,3.0,12.1,Cloudy
2023-02-12,Los Angeles,17.3,68,7.0,7.6,Snowy
2023-02-12,Chicago,22.1,50,2.7,11.9,Cloudy
2023-02-12,Houston,-2.2,82,5.3,17.7,Sunny
2023-02-12,Miami,0.7,76,14.1,3.8,Rainy
2023-02-13,New York,0.5,50,19.2,10.7,Rainy
2023-02-13,Los Angeles,18.1,45,19.2,3.6,Sunny
2023-02-13,Chicago,20.1,90,10.7,19.9,Rainy
2023-02-13,Houston,16.8,67,19.5,9.8,Sunny
2023-02-13,Miami,-9.2,46,8.0,14.6,Rainy
2023-02-14,New York,-4.9,100,4.4,5.7,Windy
2023-02-14,Los Angeles,26.8,66,13.4,7.4,Windy
2023-02-14,Chicago,25.3,79,17.3,11.8,Stormy
2023-02-14,Houston,22.0,62,3.7,11.1,Sunny
2023-02-14,Miami,24.6,54,13.7,2.6,Sunny
2023-02-15,New York,31.8,97,10.8,16.0,Rainy
2023-02-15,Los Angeles,3.7,88,3.4,14.7,Rainy
2023-02-15,Chicago,-0.4,63,7.7,17.9,Sunny
2023-02-15,Houston,16.7,73,5.8,3.4,Snowy
2023-02-15,Miami,0.0,51,13.7,5.1,Snowy
2023-02-16,New York,15.9,32,1.5,10.2,Sunny
2023-02-16,Los Angeles,12.1,54,11.9,4.9,Rainy
2023-02-16,Chicago,3.7,96,5.3,11.5,Stormy
2023-02-16,Houston,2.8,90,5.0,16.9,Cloudy
2023-02-16,Miami,-1.5,96,11.5,17.3,Stormy
2023-02-17,New York,25.7,60,5.3,15.1,Cloudy
2023-02-17,Los Angeles,24.4,82,10.5,2.9,Windy
2023-02-17,Chicago,-9.7,70,7.6,9.7,Snowy
2023-02-17,Houston,-1.5,55,10.2,17.2,Snowy
2023-02-17,Miami,25.2,89,7.6,3.4,Stormy
2023-02-18,New York,29.4,78,2.7,11.4,Stormy
2023-02-18,Los Angeles,13.7,61,2.4,10.0,Snowy
2023-02-18,Chicago,4.8,49,13.7,14.6,Rainy
2023-02-18,Houston,-5.5,44,17.6,10.7,Rainy
2023-02-18,Miami,-6.3,69,19.0,8.4,Sunny
2023-02-19,New York,7.7,43,13.9,9.1,Stormy
2023-02-19,Los Angeles,14.4,90,11.1,13.5,Snowy
2023-02-19,Chicago,33.8,41,4.0,17.3,Windy
2023-02-19,Houston,32.1,99,7.6,3.7,Snowy
2023-02-19,Miami,29.1,86,8.5,13.7,Rainy
2023-02-20,New York,-6.4,43,8.6,7.3,Snowy
2023-02-20,Los Angeles,-3.6,63,8.4,10.5,Cloudy
2023-02-20,Chicago,23.2,98,11.7,1.8,Windy
2023-02-20,Houston,24.1,94,1.1,7.5,Snowy
2023-02-20,Miami,33.7,79,7.7,5.2,Sunny
2023-02-21,New York,5.7,71,10.1,8.0,Rainy
2023-02-21,Los Angeles,29.3,73,15.9,16.1,Windy
2023-02-21,Chicago,20.7,48,7.6,17.7,Sunny
2023-02-21,Houston,2.6,64,2.9,15.1,Rainy
2023-02-21,Miami,16.3,31,5.4,3.5,Cloudy
2023-02-22,New York,-5.6,30,10.6,11.7,Snowy
2023-02-22,Los Angeles,14.1,95,18.1,8.1,Cloudy
2023-02-22,Chicago,17.5,54,13.8,1.9,Sunny
2023-02-22,Houston,34.8,40,7.2,1.6,Sunny
2023-02-22,Miami,2.2,80,10.2,14.5,Windy
2023-02-23,New York,-8.9,96,0.9,2.9,Windy
2023-02-23,Los Angeles,-5.1,81,4.6,3.4,Windy
2023-02-23,Chicago,22.3,43,6.6,18.7,Windy
2023-02-23,Houston,-2.0,31,4.4,12.0,Windy
2023-02-23,Miami,12.5,59,5.9,18.9,Rainy
2023-02-24,New York,25.2,43,1.7,14.0,Snowy
2023-02-24,Los Angeles,13.5,81,18.0,16.9,Stormy
2023-02-24,Chicago,-4.5,67,11.7,6.7,Sunny
2023-02-24,Houston,4.4,62,12.0,5.8,Sunny
2023-02-24,Miami,20.6,34,13.0,0.6,Rainy
2023-02-25,New York,-6.8,71,7.5,10.9,Windy
2023-02-25,Los Angeles,9.5,62,5.8,8.8,Stormy
2023-02-25,Chicago,-9.1,34,12.0,11.9,Snowy
2023-02-25,Houston,12.2,42,2.4,5.9,Sunny
2023-02-25,Miami,26.5,60,13.4,10.7,Windy
2023-02-26,New York,8.8,41,14.3,12.7,Rainy
2023-02-26,Los Angeles,17.4,39,16.2,14.8,Sunny
2023-02-26,Chicago,-0.1,39,14.2,14.7,Cloudy
2023-02-26,Houston,24.2,36,3.8,17.1,Rainy
2023-02-26,Miami,11.1,66,13.2,8.3,Snowy
2023-02-27,New York,4.8,56,7.6,8.2,Snowy
2023-02-27,Los Angeles,11.5,48,7.9,0.4,Cloudy
2023-02-27,Chicago,0.8,67,14.3,3.9,Rainy
2023-02-27,Houston,32.4,82,1.2,10.1,Sunny
2023-02-27,Miami,7.4,71,14.7,10.2,Snowy
2023-02-28,New York,-9.0,56,13.0,19.5,Stormy
2023-02-28,Los Angeles,17.8,51,9.1,15.5,Snowy
2023-02-28,Chicago,13.5,43,14.2,2.6,Sunny
2023-02-28,Houston,-9.3,44,1.4,2.9,Sunny
2023-02-28,Miami,-6.0,44,11.5,2.0,Windy
2023-03-01,New York,11.8,44,11.9,8.7,Stormy
2023-03-01,Los Angeles,15.5,88,4.0,4.0,Rainy
2023-03-01,Chicago,0.2,46,18.2,1.2,Stormy
2023-03-01,Houston,29.9,95,1.0,3.2,Sunny
2023-03-01,Miami,19.9,39,1.2,15.0,Stormy
2023-03-02,New York,2.0,51,15.8,19.6,Sunny
2023-03-02,Los Angeles,7.5,62,14.3,10.3,Cloudy
2023-03-02,Chicago,-8.2,91,3.4,19.1,Windy
2023-03-02,Houston,8.8,61,0.9,13.3,Sunny
2023-03-02,Miami,3.4,30,18.2,1.4,Sunny
2023-03-03,New York,33.1,78,1.5,0.5,Rainy
2023-03-03,Los Angeles,-6.1,66,12.9,3.0,Stormy
2023-03-03,Chicago,13.0,56,12.3,19.8,Rainy
2023-03-03,Houston,-7.2,40,17.7,8.0,Stormy
2023-03-03,Miami,4.7,49,6.3,19.8,Snowy
2023-03-04,New York,26.3,99,18.1,12.9,Windy
2023-03-04,Los Angeles,23.5,69,14.4,6.8,Snowy
2023-03-04,Chicago,-7.3,39,14.8,5.3,Windy
2023-03-04,Houston,33.4,100,6.3,16.6,Windy
2023-03-04,Miami,0.9,38,10.9,5.3,Sunny
2023-03-05,New York,31.1,38,7.9,10.9,Snowy
2023-03-05,Los Angeles,-3.4,45,15.9,17.7,Rainy
2023-03-05,Chicago,19.6,54,14.1,1.5,Windy
2023-03-05,Houston,31.7,56,19.5,14.4,Sunny
2023-03-05,Miami,16.8,43,5.5,11.7,Sunny
2023-03-06,New York,2.4,66,13.8,14.3,Snowy
2023-03-06,Los Angeles,10.0,63,2.1,16.7,Snowy
2023-03-06,Chicago,25.3,33,8.4,15.5,Windy
2023-03-06,Houston,-4.9,35,9.2,16.0,Rainy
2023-03-06,Miami,20.4,50,4.4,4.8,Windy
2023-03-07,New York,26.4,69,8.2,11.7,Rainy
2023-03-07,Los Angeles,24.3,83,10.1,14.1,Stormy
2023-03-07,Chicago,-2.3,84,8.6,2.1,Windy
2023-03-07,Houston,19.2,43,18.8,1.0,Rainy
2023-03-07,Miami,27.4,92,9.6,9.3,Stormy
2023-03-08,New York,-8.0,50,6.7,14.9,Snowy
2023-03-08,Los Angeles,8.0,78,3.7,1.9,Snowy
2023-03-08,Chicago,18.7,59,0.5,1.0,Snowy
2023-03-08,Houston,10.9,90,16.2,17.4,Sunny
2023-03-08,Miami,25.0,32,17.2,8.7,Windy
2023-03-09,New York,19.2,57,3.4,18.9,Rainy
2023-03-09,Los Angeles,23.8,37,3.4,19.5,Rainy
2023-03-09,Chicago,3.5,56,16.3,6.0,Windy
2023-03-09,Houston,10.4,85,13.6,12.1,Windy
2023-03-09,Miami,25.0,96,1.6,17.8,Stormy
2023-03-10,New York,20.7,90,10.4,13.6,Snowy
2023-03-10,Los Angeles,-3.8,94,8.9,10.8,Stormy
2023-03-10,Chicago,-8.9,35,8.6,11.1,Snowy
2023-03-10,Houston,29.0,60,6.5,12.8,Cloudy
2023-03-10,Miami,29.8,87,7.5,2.9,Sunny
2023-03-11,New York,20.1,61,1.8,17.6,Snowy
2023-03-11,Los Angeles,0.5,94,6.9,3.5,Rainy
2023-03-11,Chicago,3.4,92,4.1,11.3,Rainy
2023-03-11,Houston,-3.5,77,1.3,10.5,Sunny
2023-03-11,Miami,17.6,74,2.7,7.1,Sunny
2023-03-12,New York,-5.7,40,19.9,11.8,Snowy
2023-03-12,Los Angeles,12.4,54,17.3,7.1,Cloudy
2023-03-12,Chicago,22.4,65,19.4,11.9,Windy
2023-03-12,Houston,15.6,84,11.0,7.4,Stormy
2023-03-12,Miami,-7.8,30,16.3,18.8,Cloudy
2023-03-13,New York,12.5,32,3.5,3.4,Cloudy
2023-03-13,Los Angeles,23.8,31,3.9,3.4,Windy
2023-03-13,Chicago,-0.6,83,19.3,19.9,Sunny
2023-03-13,Houston,-1.8,94,12.2,18.7,Rainy
2023-03-13,Miami,6.5,43,13.4,14.8,Windy
2023-03-14,New York,20.4,73,0.9,15.9,Stormy
2023-03-14,Los Angeles,15.6,94,9.0,5.8,Snowy
2023-03-14,Chicago,7.8,40,14.9,9.7,Cloudy
2023-03-14,Houston,24.1,68,14.3,2.9,Windy
2023-03-14,Miami,20.1,33,6.2,1.8,Cloudy
2023-03-15,New York,19.1,67,2.3,6.5,Stormy
2023-03-15,Los Angeles,9.5,35,11.0,8.5,Snowy
2023-03-15,Chicago,20.4,97,8.8,9.7,Stormy
2023-03-15,Houston,11.2,49,3.1,2.7,Sunny
2023-03-15,Miami,2.7,98,14.8,15.4,Windy
2023-03-16,New York,13.6,93,18.2,6.6,Cloudy
2023-03-16,Los Angeles,5.9,66,10.7,5.5,Snowy
2023-03-16,Chicago,11.1,70,6.1,13.9,Snowy
2023-03-16,Houston,2.6,89,5.0,16.2,Stormy
2023-03-16,Miami,-0.7,96,0.6,11.8,Rainy
2023-03-17,New York,31.2,75,10.4,17.0,Stormy
2023-03-17,Los Angeles,4.6,46,11.8,2.0,Windy
2023-03-17,Chicago,31.1,79,14.4,11.1,Cloudy
2023-03-17,Houston,1.8,57,8.9,13.5,Rainy
2023-03-17,Miami,0.0,61,16.9,19.2,Windy
2023-03-18,New York,-9.2,49,16.2,12.4,Sunny
2023-03-18,Los Angeles,-1.2,57,10.7,19.4,Cloudy
2023-03-18,Chicago,23.3,32,4.2,12.9,Stormy
2023-03-18,Houston,20.6,87,7.1,7.2,Rainy
2023-03-18,Miami,33.5,94,16.6,1.2,Cloudy
2023-03-19,New York,11.3,37,4.6,2.9,Sunny
2023-03-19,Los Angeles,6.0,61,9.7,6.8,Stormy
2023-03-19,Chicago,-1.9,43,6.2,18.2,Rainy
2023-03-19,Houston,18.3,59,15.3,11.8,Stormy
2023-03-19,Miami,0.9,90,9.4,13.8,Rainy
2023-03-20,New York,29.0,80,15.4,15.6,Windy
2023-03-20,Los Angeles,4.1,36,4.9,4.4,Windy
2023-03-20,Chicago,-8.3,42,1.2,0.3,Windy
2023-03-20,Houston,-3.2,79,15.5,10.7,Stormy
2023-03-20,Miami,-5.8,67,18.6,1.9,Cloudy
2023-03-21,New York,0.9,57,14.3,11.7,Stormy
2023-03-21,Los Angeles,-9.7,53,14.9,17.1,Windy
2023-03-21,Chicago,6.0,50,5.0,2.0,Windy
2023-03-21,Houston,-8.4,88,18.6,9.2,Sunny
2023-03-21,Miami,20.6,73,3.6,0.6,Sunny
2023-03-22,New York,27.9,53,18.9,6.8,Windy
2023-03-22,Los Angeles,3.3,55,19.1,7.1,Stormy
2023-03-22,Chicago,8.3,56,12.5,6.8,Rainy
2023-03-22,Houston,7.1,67,19.3,10.0,Rainy
2023-03-22,Miami,23.2,74,16.3,6.8,Windy
2023-03-23,New York,1.8,91,19.7,0.3,Rainy
2023-03-23,Los Angeles,28.4,32,17.8,3.4,Windy
2023-03-23,Chicago,25.5,35,8.1,5.4,Rainy
2023-03-23,Houston,8.4,50,6.4,12.5,Snowy
2023-03-23,Miami,-0.0,47,6.0,11.0,Cloudy
2023-03-24,New York,3.8,51,14.4,0.0,Stormy
2023-03-24,Los Angeles,34.0,43,13.8,3.9,Sunny
2023-03-24,Chicago,10.2,75,5.9,18.2,Rainy
2023-03-24,Houston,2.5,42,8.2,15.5,Cloudy
2023-03-24,Miami,18.1,55,7.2,5.0,Rainy
2023-03-25,New York,27.8,100,0.3,19.6,Windy
2023-03-25,Los Angeles,34.4,54,9.3,15.5,Rainy
2023-03-25,Chicago,11.5,39,9.6,11.5,Snowy
2023-03-25,Houston,-2.9,65,9.0,0.8,Sunny
2023-03-25,Miami,21.6,34,16.5,3.6,Stormy
2023-03-26,New York,34.8,47,18.0,17.1,Cloudy
2023-03-26,Los Angeles,31.2,92,10.2,6.3,Cloudy
2023-03-26,Chicago,4.5,99,13.9,2.8,Windy
2023-03-26,Houston,-7.0,60,5.1,10.7,Snowy
2023-03-26,Miami,22.6,80,11.1,0.0,Windy
2023-03-27,New York,4.6,44,2.7,2.4,Rainy
2023-03-27,Los Angeles,29.2,78,6.2,7.2,Windy
2023-03-27,Chicago,13.8,40,14.6,6.6,Windy
2023-03-27,Houston,34.1,97,10.7,5.4,Snowy
2023-03-27,Miami,30.5,100,1.2,1.3,Snowy
2023-03-28,New York,31.2,45,0.9,12.4,Snowy
2023-03-28,Los Angeles,0.3,94,14.8,7.7,Windy
2023-03-28,Chicago,26.5,90,12.2,18.4,Cloudy
2023-03-28,Houston,20.3,100,3.7,4.4,Rainy
2023-03-28,Miami,27.6,70,3.4,12.8,Windy
2023-03-29,New York,11.8,78,18.6,11.8,Stormy
2023-03-29,Los Angeles,28.5,83,10.7,19.5,Rainy
2023-03-29,Chicago,13.7,59,18.3,4.9,Stormy
2023-03-29,Houston,18.5,72,9.0,14.1,Rainy
2023-03-29,Miami,17.5,46,4.9,11.5,Snowy
2023-03-30,New York,17.9,44,0.9,8.7,Cloudy
2023-03-30,Los Angeles,1.9,75,19.8,2.6,Rainy
2023-03-30,Chicago,26.3,71,5.3,9.6,Rainy
2023-03-30,Houston,20.5,96,4.9,7.3,Stormy
2023-03-30,Miami,32.8,66,8.2,16.5,Stormy
2023-03-31,New York,7.5,91,15.2,10.0,Cloudy
2023-03-31,Los Angeles,31.1,93,3.8,13.2,Snowy
2023-03-31,Chicago,4.0,49,7.5,16.9,Sunny
2023-03-31,Houston,1.1,32,15.2,4.6,Snowy
2023-03-31,Miami,18.1,61,1.2,4.1,Cloudy
2023-04-01,New York,32.9,42,17.3,10.8,Snowy
2023-04-01,Los Angeles,26.7,95,3.2,9.2,Sunny
2023-04-01,Chicago,-2.6,40,18.8,4.3,Snowy
2023-04-01,Houston,23.4,75,8.4,11.5,Snowy
2023-04-01,Miami,-0.5,52,17.4,6.6,Windy
2023-04-02,New York,25.8,55,9.9,9.6,Snowy
2023-04-02,Los Angeles,25.1,31,17.0,5.6,Cloudy
2023-04-02,Chicago,4.7,77,10.3,16.6,Windy
2023-04-02,Houston,30.9,56,19.2,3.4,Windy
2023-04-02,Miami,13.6,94,1.4,11.0,Sunny
2023-04-03,New York,30.5,67,4.0,11.8,Stormy
2023-04-03,Los Angeles,13.2,91,17.0,19.0,Windy
2023-04-03,Chicago,-4.0,64,6.1,14.6,Cloudy
2023-04-03,Houston,10.9,51,13.6,16.5,Snowy
2023-04-03,Miami,11.1,32,13.3,16.3,Sunny
2023-04-04,New York,21.5,35,0.6,2.0,Snowy
2023-04-04,Los Angeles,-0.3,41,12.5,11.4,Cloudy
2023-04-04,Chicago,34.6,79,19.8,1.5,Cloudy
2023-04-04,Houston,-5.9,89,1.4,6.2,Windy
2023-04-04,Miami,10.5,34,1.7,2.0,Rainy
2023-04-05,New York,27.9,91,10.5,18.2,Stormy
2023-04-05,Los Angeles,27.1,99,11.0,9.6,Cloudy
2023-04-05,Chicago,15.7,76,12.3,12.0,Stormy
2023-04-05,Houston,8.6,46,3.4,11.5,Cloudy
2023-04-05,Miami,17.0,32,1.8,10.2,Stormy
2023-04-06,New York,-8.9,33,19.0,6.8,Windy
2023-04-06,Los Angeles,-3.0,75,3.9,17.1,Rainy
2023-04-06,Chicago,14.2,53,17.3,18.4,Stormy
2023-04-06,Houston,-3.6,91,19.6,7.5,Sunny
2023-04-06,Miami,0.5,67,10.2,4.1,Windy
2023-04-07,New York,1.7,61,14.7,3.4,Stormy
2023-04-07,Los Angeles,33.9,61,11.1,8.2,Stormy
2023-04-07,Chicago,19.0,35,15.2,6.4,Windy
2023-04-07,Houston,12.0,100,19.0,3.9,Windy
2023-04-07,Miami,24.2,84,7.8,14.3,Sunny
2023-04-08,New York,1.8,95,5.5,0.7,Cloudy
2023-04-08,Los Angeles,2.8,82,2.6,14.0,Windy
2023-04-08,Chicago,1.7,64,7.7,7.7,Rainy
2023-04-08,Houston,33.1,89,17.2,8.5,Rainy
2023-04-08,Miami,-4.5,73,15.6,15.5,Cloudy
2023-04-09,New York,10.5,90,7.4,11.5,Windy
2023-04-09,Los Angeles,24.6,67,14.5,1.0,Cloudy
2023-04-09,Chicago,5.3,51,5.3,11.5,Windy
2023-04-09,Houston,28.3,59,5.8,6.2,Rainy
2023-04-09,Miami,-5.1,52,6.5,16.1,Snowy
2023-04-10,New York,17.7,57,18.0,6.4,Cloudy
2023-04-10,Los Angeles,6.4,97,0.7,6.6,Cloudy
2023-04-10,Chicago,17.2,76,15.5,18.0,Stormy
2023-04-10,Houston,1.3,31,20.0,18.1,Windy
2023-04-10,Miami,24.8,39,12.9,11.6,Windy
2023-04-11,New York,-4.4,83,13.7,0.2,Sunny
2023-04-11,Los Angeles,7.8,64,14.6,7.4,Sunny
2023-04-11,Chicago,18.3,61,0.8,5.6,Stormy
2023-04-11,Houston,1.8,34,18.7,1.3,Sunny
2023-04-11,Miami,16.8,56,13.0,13.0,Snowy
2023-04-12,New York,-5.6,61,14.6,3.2,Sunny
2023-04-12,Los Angeles,9.7,71,11.2,16.6,Snowy
2023-04-12,Chicago,14.1,90,17.5,9.7,Stormy
2023-04-12,Houston,31.2,70,18.2,11.3,Cloudy
2023-04-12,Miami,15.4,93,19.9,8.8,Stormy
2023-04-13,New York,-1.5,98,19.7,3.8,Rainy
2023-04-13,Los Angeles,0.8,75,10.8,8.8,Rainy
2023-04-13,Chicago,26.1,52,15.4,5.2,Windy
2023-04-13,Houston,-3.5,42,6.6,1.7,Rainy
2023-04-13,Miami,20.2,55,5.7,18.1,Stormy
2023-04-14,New York,-0.6,36,17.9,14.2,Windy
2023-04-14,Los Angeles,5.9,47,8.6,16.4,Snowy
2023-04-14,Chicago,27.9,67,7.3,4.8,Cloudy
2023-04-14,Houston,24.1,63,19.5,9.1,Snowy
2023-04-14,Miami,-9.9,80,12.3,17.8,Rainy
2023-04-15,New York,21.0,42,18.3,15.4,Stormy
2023-04-15,Los Angeles,16.5,77,4.1,2.5,Sunny
2023-04-15,Chicago,-1.3,67,12.3,10.1,Snowy
2023-04-15,Houston,6.1,70,11.3,3.9,Sunny
2023-04-15,Miami,29.8,36,1.9,8.3,Stormy
2023-04-16,New York,15.8,95,1.9,7.1,Cloudy
2023-04-16,Los Angeles,9.5,49,14.1,9.7,Stormy
2023-04-16,Chicago,21.0,41,7.4,10.2,Windy
2023-04-16,Houston,26.9,87,18.9,3.2,Rainy
2023-04-16,Miami,25.2,58,11.6,16.8,Snowy
2023-04-17,New York,-7.1,65,19.9,18.9,Stormy
2023-04-17,Los Angeles,6.1,48,11.4,15.4,Rainy
2023-04-17,Chicago,20.9,81,5.6,11.1,Rainy
2023-04-17,Houston,33.6,39,18.1,19.0,Stormy
2023-04-17,Miami,7.8,33,15.2,14.1,Stormy
2023-04-18,New York,24.3,59,11.2,6.9,Windy
2023-04-18,Los Angeles,-4.5,49,5.7,3.9,Snowy
2023-04-18,Chicago,-7.7,50,1.0,15.2,Rainy
2023-04-18,Houston,30.0,90,2.4,0.0,Stormy
2023-04-18,Miami,13.8,77,3.4,2.7,Windy
2023-04-19,New York,13.4,73,13.0,10.0,Stormy
2023-04-19,Los Angeles,28.8,92,1.9,5.0,Stormy
2023-04-19,Chicago,23.6,75,17.8,3.3,Windy
2023-04-19,Houston,-7.4,40,15.4,11.6,Snowy
2023-04-19,Miami,8.3,59,12.2,2.4,Stormy
2023-04-20,New York,31.3,100,3.2,13.6,Sunny
2023-04-20,Los Angeles,7.4,80,1.5,12.3,Sunny
2023-04-20,Chicago,-5.1,45,10.1,17.7,Windy
2023-04-20,Houston,34.8,85,1.8,19.5,Sunny
2023-04-20,Miami,5.5,80,13.6,19.2,Rainy
2023-04-21,New York,8.5,59,4.5,16.3,Sunny
2023-04-21,Los Angeles,24.7,92,2.1,15.4,Cloudy
2023-04-21,Chicago,26.6,34,14.4,10.3,Sunny
2023-04-21,Houston,32.0,58,11.8,4.2,Stormy
2023-04-21,Miami,10.0,50,4.4,15.5,Cloudy
2023-04-22,New York,30.4,99,11.3,10.4,Rainy
2023-04-22,Los Angeles,1.5,95,15.6,19.9,Sunny
2023-04-22,Chicago,29.4,76,2.1,14.8,Stormy
2023-04-22,Houston,9.7,52,18.4,15.8,Stormy
2023-04-22,Miami,3.9,62,14.9,19.9,Snowy
2023-04-23,New York,-0.7,61,6.6,1.7,Sunny
2023-04-23,Los Angeles,4.0,86,4.5,9.6,Windy
2023-04-23,Chicago,-5.4,45,10.3,18.1,Snowy
2023-04-23,Houston,21.1,40,13.3,3.5,Snowy
2023-04-23,Miami,10.0,90,5.1,16.1,Windy
2023-04-24,New York,14.1,80,4.3,14.3,Sunny
2023-04-24,Los Angeles,25.2,69,6.8,10.9,Windy
2023-04-24,Chicago,-3.7,97,0.5,3.0,Cloudy
2023-04-24,Houston,19.9,80,13.0,12.6,Rainy
2023-04-24,Miami,-1.3,46,13.1,0.9,Stormy
2023-04-25,New York,32.2,65,6.7,6.0,Stormy
2023-04-25,Los Angeles,19.5,85,5.9,11.3,Snowy
2023-04-25,Chicago,32.2,45,4.7,18.3,Snowy
2023-04-25,Houston,33.2,73,18.7,8.3,Stormy
2023-04-25,Miami,10.4,53,18.2,8.3,Windy
2023-04-26,New York,17.7,68,11.7,3.9,Snowy
2023-04-26,Los Angeles,15.6,68,6.1,12.5,Cloudy
2023-04-26,Chicago,28.9,86,17.2,6.8,Cloudy
2023-04-26,Houston,20.6,86,19.3,18.6,Cloudy
2023-04-26,Miami,22.9,79,2.7,18.4,Sunny
2023-04-27,New York,19.7,94,15.5,17.8,Stormy
2023-04-27,Los Angeles,-6.8,33,12.5,7.6,Snowy
2023-04-27,Chicago,10.0,70,2.4,0.3,Windy
2023-04-27,Houston,2.0,96,7.5,18.2,Snowy
2023-04-27,Miami,1.9,59,3.2,0.3,Snowy
2023-04-28,New York,12.1,48,7.8,11.1,Snowy
2023-04-28,Los Angeles,20.2,92,18.7,1.6,Windy
2023-04-28,Chicago,7.6,97,8.6,5.5,Windy
2023-04-28,Houston,31.5,53,7.8,12.2,Snowy
2023-04-28,Miami,-6.7,90,2.9,6.8,Windy
2023-04-29,New York,7.1,60,2.7,1.9,Stormy
2023-04-29,Los Angeles,31.9,35,8.7,19.9,Sunny
2023-04-29,Chicago,0.1,73,13.9,14.7,Windy
2023-04-29,Houston,34.7,56,12.0,4.9,Snowy
2023-04-29,Miami,6.3,70,3.0,2.0,Rainy
2023-04-30,New York,22.1,79,14.5,17.1,Sunny
2023-04-30,Los Angeles,18.8,37,4.0,15.9,Cloudy
2023-04-30,Chicago,-3.7,82,3.8,18.6,Cloudy
2023-04-30,Houston,-7.0,49,16.1,7.2,Cloudy
2023-04-30,Miami,13.0,53,8.6,13.5,Snowy
2023-05-01,New York,21.7,54,15.3,9.9,Sunny
2023-05-01,Los Angeles,14.3,66,6.2,12.5,Snowy
2023-05-01,Chicago,25.9,85,4.4,13.4,Cloudy
2023-05-01,Houston,-1.1,66,5.6,10.6,Stormy
2023-05-01,Miami,19.5,42,16.4,12.8,Snowy
2023-05-02,New York,30.0,80,0.9,13.7,Rainy
2023-05-02,Los Angeles,-3.7,88,2.6,17.6,Snowy
2023-05-02,Chicago,26.9,38,4.3,9.6,Rainy
2023-05-02,Houston,12.5,100,3.1,2.1,Snowy
2023-05-02,Miami,10.4,78,0.3,17.1,Sunny
2023-05-03,New York,5.8,78,16.8,10.5,Windy
2023-05-03,Los Angeles,16.1,90,10.6,15.0,Rainy
2023-05-03,Chicago,-0.2,96,6.3,11.1,Snowy
2023-05-03,Houston,30.0,39,16.4,11.1,Windy
2023-05-03,Miami,9.4,48,3.0,4.2,Rainy
2023-05-04,New York,27.5,96,15.2,9.3,Sunny
2023-05-04,Los Angeles,-4.1,53,8.0,12.3,Cloudy
2023-05-04,Chicago,-1.1,37,1.9,15.1,Sunny
2023-05-04,Houston,-2.7,40,17.0,1.8,Cloudy
2023-05-04,Miami,22.2,93,8.3,20.0,Stormy
2023-05-05,New York,-7.5,46,1.2,13.6,Rainy
2023-05-05,Los Angeles,10.0,35,8.7,13.3,Stormy
2023-05-05,Chicago,27.8,94,0.4,18.6,Snowy
2023-05-05,Houston,6.4,37,18.0,4.6,Cloudy
2023-05-05,Miami,11.5,75,4.6,0.5,Windy
2023-05-06,New York,32.0,96,3.6,1.6,Sunny
2023-05-06,Los Angeles,20.1,76,5.5,0.5,Snowy
2023-05-06,Chicago,13.5,81,15.7,1.0,Stormy
2023-05-06,Houston,-7.5,71,18.9,13.4,Sunny
2023-05-06,Miami,-3.8,66,10.3,19.9,Cloudy
2023-05-07,New York,1.2,51,6.4,5.1,Windy
2023-05-07,Los Angeles,16.2,81,5.1,17.2,Cloudy
2023-05-07,Chicago,30.9,44,8.4,0.5,Sunny
2023-05-07,Houston,33.4,42,0.6,5.5,Rainy
2023-05-07,Miami,-1.4,68,7.8,17.6,Windy
2023-05-08,New York,-3.7,32,11.6,7.4,Snowy
2023-05-08,Los Angeles,-2.0,54,18.3,3.8,Sunny
2023-05-08,Chicago,1.0,61,16.3,3.3,Sunny
2023-05-08,Houston,24.1,74,0.3,8.8,Sunny
2023-05-08,Miami,28.0,50,17.7,8.0,Snowy
2023-05-09,New York,-6.7,88,7.3,3.8,Windy
2023-05-09,Los Angeles,15.9,43,10.0,12.8,Sunny
2023-05-09,Chicago,9.6,36,5.8,10.2,Windy
2023-05-09,Houston,29.0,58,18.4,1.0,Stormy
2023-05-09,Miami,-6.6,83,5.0,17.2,Rainy
2023-05-10,New York,24.6,63,15.1,3.5,Sunny
2023-05-10,Los Angeles,-7.1,97,5.0,8.6,Windy
2023-05-10,Chicago,24.1,63,17.1,1.5,Stormy
2023-05-10,Houston,19.5,100,19.5,12.5,Snowy
2023-05-10,Miami,-9.1,73,1.3,15.4,Stormy
2023-05-11,New York,11.5,58,17.2,14.7,Windy
2023-05-11,Los Angeles,2.2,58,19.0,17.0,Snowy
2023-05-11,Chicago,19.1,56,4.3,10.8,Snowy
2023-05-11,Houston,-6.2,74,1.7,6.0,Cloudy
2023-05-11,Miami,8.7,68,14.9,1.1,Cloudy
2023-05-12,New York,-9.0,32,18.0,15.7,Stormy
2023-05-12,Los Angeles,12.4,41,4.0,14.0,Sunny
2023-05-12,Chicago,10.9,85,13.2,18.2,Sunny
2023-05-12,Houston,25.3,75,3.4,5.9,Windy
2023-05-12,Miami,12.4,90,6.7,5.2,Stormy
2023-05-13,New York,8.8,49,0.9,17.7,Stormy
2023-05-13,Los Angeles,16.2,57,3.8,14.0,Cloudy
2023-05-13,Chicago,6.1,61,5.0,14.1,Rainy
2023-05-13,Houston,-0.0,100,6.0,10.0,Sunny
2023-05-13,Miami,27.9,90,6.4,8.1,Snowy
2023-05-14,New York,-7.9,96,0.3,11.9,Sunny
2023-05-14,Los Angeles,1.1,56,9.0,12.3,Cloudy
2023-05-14,Chicago,32.9,73,2.7,6.4,Stormy
2023-05-14,Houston,17.8,93,3.1,4.1,Windy
2023-05-14,Miami,11.6,93,10.6,11.7,Snowy
2023-05-15,New York,15.0,77,12.3,2.4,Windy
2023-05-15,Los Angeles,31.4,92,6.6,12.1,Snowy
2023-05-15,Chicago,28.6,56,10.6,8.9,Rainy
2023-05-15,Houston,34.6,33,0.2,3.3,Sunny
2023-05-15,Miami,19.1,47,14.8,11.5,Rainy
2023-05-16,New York,1.2,96,4.1,19.0,Windy
2023-05-16,Los Angeles,-8.6,49,1.2,13.0,Windy
2023-05-16,Chicago,27.2,99,16.7,5.6,Stormy
2023-05-16,Houston,34.1,68,12.4,1.4,Rainy
2023-05-16,Miami,-0.0,80,17.5,19.9,Sunny
2023-05-17,New York,-6.4,53,0.0,19.4,Stormy
2023-05-17,Los Angeles,26.9,43,6.3,6.1,Snowy
2023-05-17,Chicago,12.8,82,12.6,0.4,Rainy
2023-05-17,Houston,16.2,95,5.6,5.5,Sunny
2023-05-17,Miami,21.8,69,9.0,10.7,Snowy
2023-05-18,New York,6.6,69,6.8,18.7,Snowy
2023-05-18,Los Angeles,6.1,91,11.5,6.7,Rainy
2023-05-18,Chicago,26.5,43,4.2,4.0,Stormy
2023-05-18,Houston,17.0,52,10.8,18.3,Cloudy
2023-05-18,Miami,16.3,69,13.3,16.8,Windy
2023-05-19,New York,9.7,31,0.3,11.3,Stormy
2023-05-19,Los Angeles,34.1,39,18.3,11.4,Sunny
2023-05-19,Chicago,10.8,49,10.5,17.6,Cloudy
2023-05-19,Houston,5.0,74,10.9,9.4,Snowy
2023-05-19,Miami,0.1,37,14.5,5.1,Sunny
2023-05-20,New York,9.7,66,14.1,10.8,Stormy
2023-05-20,Los Angeles,32.4,74,2.8,16.7,Rainy
2023-05-20,Chicago,7.0,89,15.9,18.3,Rainy
2023-05-20,Houston,19.3,34,0.9,9.2,Sunny
2023-05-20,Miami,-4.7,83,6.4,4.9,Rainy
2023-05-21,New York,23.8,32,2.4,18.8,Stormy
2023-05-21,Los Angeles,30.3,100,7.5,12.1,Cloudy
2023-05-21,Chicago,18.2,84,6.4,17.6,Stormy
2023-05-21,Houston,25.1,35,18.9,19.3,Snowy
2023-05-21,Miami,0.4,99,12.2,14.4,Windy
2023-05-22,New York,9.0,71,19.3,4.0,Sunny
2023-05-22,Los Angeles,12.5,42,4.6,7.3,Sunny
2023-05-22,Chicago,-5.8,53,5.4,4.0,Stormy
2023-05-22,Houston,21.5,80,2.5,14.9,Windy
2023-05-22,Miami,-3.0,84,12.1,11.4,Sunny
2023-05-23,New York,0.3,32,19.2,12.7,Snowy
2023-05-23,Los Angeles,15.1,77,8.3,4.0,Cloudy
2023-05-23,Chicago,-7.3,61,10.1,10.9,Stormy
2023-05-23,Houston,-8.1,45,10.0,1.0,Stormy
2023-05-23,Miami,5.5,57,0.7,7.9,Snowy
2023-05-24,New York,21.4,79,17.8,4.2,Cloudy
2023-05-24,Los Angeles,2.5,33,5.2,9.3,Cloudy
2023-05-24,Chicago,-7.1,44,13.0,0.9,Sunny
2023-05-24,Houston,-7.3,72,18.4,3.7,Stormy
2023-05-24,Miami,5.5,58,9.4,13.1,Stormy
2023-05-25,New York,32.2,66,11.4,1.3,Snowy
2023-05-25,Los Angeles,29.1,96,8.6,18.9,Stormy
2023-05-25,Chicago,22.0,64,18.9,16.7,Sunny
2023-05-25,Houston,31.0,84,9.4,15.8,Rainy
2023-05-25,Miami,20.0,45,19.3,11.2,Cloudy
2023-05-26,New York,17.9,77,9.3,15.4,Snowy
2023-05-26,Los Angeles,29.2,93,3.8,5.0,Stormy
2023-05-26,Chicago,-0.5,91,14.9,13.1,Windy
2023-05-26,Houston,33.3,51,15.1,2.7,Stormy
2023-05-26,Miami,17.5,46,7.3,0.1,Stormy
2023-05-27,New York,12.9,82,12.5,10.5,Snowy
2023-05-27,Los Angeles,6.1,55,9.6,10.6,Rainy
2023-05-27,Chicago,-6.9,73,13.3,7.9,Snowy
2023-05-27,Houston,21.0,46,10.6,6.2,Stormy
2023-05-27,Miami,30.1,43,2.8,18.2,Rainy
2023-05-28,New York,17.9,65,10.0,9.7,Stormy
2023-05-28,Los Angeles,31.4,40,8.5,17.7,Snowy
2023-05-28,Chicago,3.0,41,10.9,9.8,Snowy
2023-05-28,Houston,34.3,68,17.9,2.2,Windy
2023-05-28,Miami,20.9,67,4.5,16.4,Stormy
2023-05-29,New York,5.3,58,6.7,8.5,Sunny
2023-05-29,Los Angeles,17.8,73,8.2,19.4,Rainy
2023-05-29,Chicago,9.1,87,13.9,7.6,Cloudy
2023-05-29,Houston,-8.7,91,15.3,15.1,Windy
2023-05-29,Miami,14.3,99,10.3,9.3,Rainy
2023-05-30,New York,7.0,50,10.7,17.3,Cloudy
2023-05-30,Los Angeles,19.7,34,1.9,17.0,Cloudy
2023-05-30,Chicago,-3.1,35,12.7,5.6,Windy
2023-05-30,Houston,20.8,62,19.2,10.1,Rainy
2023-05-30,Miami,13.7,69,1.7,16.4,Snowy
2023-05-31,New York,23.3,31,13.3,14.9,Snowy
2023-05-31,Los Angeles,-4.5,74,1.6,2.9,Snowy
2023-05-31,Chicago,21.7,67,11.4,2.9,Stormy
2023-05-31,Houston,32.7,98,5.3,8.7,Windy
2023-05-31,Miami,4.0,70,6.5,16.5,Cloudy
2023-06-01,New York,9.2,93,14.5,0.7,Cloudy
2023-06-01,Los Angeles,31.8,74,1.2,6.7,Sunny
2023-06-01,Chicago,15.9,71,1.8,7.9,Stormy
2023-06-01,Houston,9.0,93,9.0,15.3,Windy
2023-06-01,Miami,32.6,44,17.3,19.4,Cloudy
2023-06-02,New York,17.1,41,15.5,13.2,Cloudy
2023-06-02,Los Angeles,4.3,61,12.3,13.9,Snowy
2023-06-02,Chicago,34.6,65,16.3,11.0,Snowy
2023-06-02,Houston,21.5,77,10.0,2.1,Stormy
2023-06-02,Miami,6.6,81,0.7,18.0,Snowy
2023-06-03,New York,28.4,78,14.8,16.1,Sunny
2023-06-03,Los Angeles,-4.2,52,2.1,0.8,Cloudy
2023-06-03,Chicago,29.1,33,13.6,17.1,Rainy
2023-06-03,Houston,-9.3,79,6.3,14.6,Windy
2023-06-03,Miami,33.6,91,2.0,19.6,Rainy
2023-06-04,New York,1.1,92,1.1,5.7,Rainy
2023-06-04,Los Angeles,8.7,100,15.2,8.2,Windy
2023-06-04,Chicago,-3.1,59,4.9,16.2,Snowy
2023-06-04,Houston,16.1,58,11.2,18.6,Windy
2023-06-04,Miami,28.4,30,12.8,3.4,Sunny
2023-06-05,New York,17.7,93,19.9,11.4,Snowy
2023-06-05,Los Angeles,1.4,98,15.3,6.4,Rainy
2023-06-05,Chicago,2.0,87,12.4,0.9,Snowy
2023-06-05,Houston,34.1,31,14.8,5.9,Snowy
2023-06-05,Miami,14.2,42,15.9,3.0,Rainy
2023-06-06,New York,15.2,80,9.4,0.1,Sunny
2023-06-06,Los Angeles,23.3,61,9.6,13.2,Windy
2023-06-06,Chicago,25.6,55,9.9,12.4,Windy
2023-06-06,Houston,23.3,90,19.4,8.6,Stormy
2023-06-06,Miami,8.6,75,2.8,7.1,Sunny
2023-06-07,New York,16.7,46,17.2,18.1,Sunny
2023-06-07,Los Angeles,14.1,91,1.7,8.7,Windy
2023-06-07,Chicago,21.8,55,9.2,6.9,Stormy
2023-06-07,Houston,29.5,73,4.9,4.7,Rainy
2023-06-07,Miami,18.6,82,15.5,10.6,Windy
2023-06-08,New York,30.9,65,17.2,20.0,Rainy
2023-06-08,Los Angeles,22.3,54,19.3,11.8,Rainy
2023-06-08,Chicago,1.4,47,11.4,12.6,Rainy
2023-06-08,Houston,-9.2,40,4.1,15.0,Stormy
2023-06-08,Miami,31.4,52,4.3,17.4,Rainy
2023-06-09,New York,7.3,53,0.7,4.8,Cloudy
2023-06-09,Los Angeles,-3.8,64,14.5,14.3,Sunny
2023-06-09,Chicago,30.9,54,11.7,15.0,Stormy
2023-06-09,Houston,1.9,40,17.4,5.4,Windy
2023-06-09,Miami,8.0,75,16.4,3.6,Stormy
2023-06-10,New York,10.0,70,2.7,3.6,Rainy
2023-06-10,Los Angeles,-3.4,53,6.0,2.7,Stormy
2023-06-10,Chicago,1.0,56,4.8,19.8,Windy
2023-06-10,Houston,14.2,82,15.9,10.5,Rainy
2023-06-10,Miami,21.5,69,11.7,14.4,Cloudy
2023-06-11,New York,25.0,86,2.1,12.0,Sunny
2023-06-11,Los Angeles,-8.9,95,8.2,1.1,Stormy
2023-06-11,Chicago,15.2,68,14.3,13.3,Rainy
2023-06-11,Houston,-8.6,44,8.8,7.3,Windy
2023-06-11,Miami,11.8,96,19.2,16.1,Sunny
2023-06-12,New York,15.9,96,8.2,11.8,Snowy
2023-06-12,Los Angeles,31.3,65,17.1,17.5,Sunny
2023-06-12,Chicago,5.6,34,10.2,9.4,Sunny
2023-06-12,Houston,2.7,52,18.1,6.1,Snowy
2023-06-12,Miami,13.6,98,5.9,3.2,Stormy
2023-06-13,New York,11.1,74,6.5,6.6,Cloudy
2023-06-13,Los Angeles,-5.3,40,14.1,1.3,Sunny
2023-06-13,Chicago,19.9,51,15.9,18.9,Sunny
2023-06-13,Houston,29.3,93,17.3,19.2,Snowy
2023-06-13,Miami,30.3,34,5.1,5.4,Stormy
2023-06-14,New York,30.2,67,2.0,13.3,Snowy
2023-06-14,Los Angeles,10.1,63,0.8,7.8,Sunny
2023-06-14,Chicago,11.3,40,6.6,6.5,Rainy
2023-06-14,Houston,9.1,74,1.2,15.1,Rainy
2023-06-14,Miami,34.0,50,12.0,17.9,Sunny
2023-06-15,New York,22.4,44,13.5,15.3,Snowy
2023-06-15,Los Angeles,11.9,42,15.0,2.6,Sunny
2023-06-15,Chicago,21.1,99,0.6,13.0,Rainy
2023-06-15,Houston,34.8,43,10.4,18.0,Windy
2023-06-15,Miami,-6.5,50,5.8,16.7,Windy
2023-06-16,New York,20.9,97,5.0,3.3,Cloudy
2023-06-16,Los Angeles,-8.5,95,18.6,6.3,Rainy
2023-06-16,Chicago,21.7,39,8.1,7.4,Cloudy
2023-06-16,Houston,2.9,68,11.2,9.0,Rainy
2023-06-16,Miami,10.7,54,11.4,19.8,Cloudy
2023-06-17,New York,4.8,47,17.2,5.8,Snowy
2023-06-17,Los Angeles,5.8,53,6.5,2.8,Stormy
2023-06-17,Chicago,9.7,68,0.5,17.7,Windy
2023-06-17,Houston,7.8,41,19.6,5.1,Cloudy
2023-06-17,Miami,7.8,81,0.9,3.4,Windy
2023-06-18,New York,12.8,61,4.2,7.1,Windy
2023-06-18,Los Angeles,20.8,95,17.5,14.1,Rainy
2023-06-18,Chicago,19.5,93,3.0,9.0,Cloudy
2023-06-18,Houston,22.3,95,9.4,4.0,Cloudy
2023-06-18,Miami,6.0,36,14.8,0.7,Snowy
2023-06-19,New York,-3.2,94,6.6,9.9,Snowy
2023-06-19,Los Angeles,16.4,43,5.4,16.3,Rainy
2023-06-19,Chicago,14.3,45,4.1,2.3,Windy
2023-06-19,Houston,8.1,37,14.2,19.0,Rainy
2023-06-19,Miami,12.4,50,14.9,11.0,Stormy
2023-06-20,New York,7.9,50,5.9,10.8,Snowy
2023-06-20,Los Angeles,23.2,90,3.3,4.2,Sunny
2023-06-20,Chicago,0.7,52,2.4,19.3,Rainy
2023-06-20,Houston,2.6,37,17.2,11.7,Snowy
2023-06-20,Miami,-6.3,97,6.9,19.4,Cloudy
2023-06-21,New York,18.2,42,15.5,9.1,Stormy
2023-06-21,Los Angeles,29.9,81,16.6,1.8,Cloudy
2023-06-21,Chicago,1.8,74,11.0,3.1,Cloudy
2023-06-21,Houston,-6.4,83,1.3,2.6,Cloudy
2023-06-21,Miami,29.1,81,9.0,19.8,Sunny
2023-06-22,New York,5.6,83,11.1,12.8,Rainy
2023-06-22,Los Angeles,25.0,65,6.8,8.5,Snowy
2023-06-22,Chicago,31.1,66,7.6,11.9,Rainy
2023-06-22,Houston,19.1,72,8.0,9.4,Windy
2023-06-22,Miami,23.3,87,9.8,16.1,Cloudy
2023-06-23,New York,20.2,85,10.4,6.0,Snowy
2023-06-23,Los Angeles,16.3,39,14.5,17.2,Windy
2023-06-23,Chicago,18.2,55,3.2,2.8,Windy
2023-06-23,Houston,22.9,60,10.7,10.8,Cloudy
2023-06-23,Miami,9.6,43,5.0,4.5,Windy
2023-06-24,New York,21.6,43,13.1,9.8,Rainy
2023-06-24,Los Angeles,12.6,60,13.6,3.8,Stormy
2023-06-24,Chicago,3.4,89,7.7,10.5,Stormy
2023-06-24,Houston,15.3,30,14.8,7.5,Stormy
2023-06-24,Miami,19.4,45,1.7,9.1,Sunny
2023-06-25,New York,26.6,71,14.6,7.9,Rainy
2023-06-25,Los Angeles,-6.1,61,3.3,1.9,Stormy
2023-06-25,Chicago,23.1,37,14.2,13.5,Sunny
2023-06-25,Houston,34.0,94,11.1,3.7,Snowy
2023-06-25,Miami,33.4,79,12.8,3.7,Stormy
2023-06-26,New York,31.5,74,14.6,0.2,Rainy
2023-06-26,Los Angeles,-1.6,40,5.3,1.5,Sunny
2023-06-26,Chicago,33.8,95,15.4,13.9,Sunny
2023-06-26,Houston,14.7,73,9.2,3.7,Sunny
2023-06-26,Miami,20.4,97,9.5,16.5,Windy
2023-06-27,New York,23.3,87,3.2,17.7,Stormy
2023-06-27,Los Angeles,27.4,93,3.1,6.9,Sunny
2023-06-27,Chicago,5.9,75,17.4,8.3,Rainy
2023-06-27,Houston,3.4,32,19.7,10.3,Snowy
2023-06-27,Miami,11.3,69,19.0,18.4,Cloudy
2023-06-28,New York,1.4,80,5.2,6.4,Windy
2023-06-28,Los Angeles,10.2,89,8.5,5.4,Windy
2023-06-28,Chicago,-1.6,51,14.2,16.2,Windy
2023-06-28,Houston,34.6,87,19.6,9.3,Cloudy
2023-06-28,Miami,-0.6,77,17.8,10.0,Cloudy
2023-06-29,New York,19.2,47,14.5,15.7,Rainy
2023-06-29,Los Angeles,-1.1,34,4.3,19.0,Cloudy
2023-06-29,Chicago,-3.8,30,16.5,9.8,Rainy
2023-06-29,Houston,23.2,69,14.1,10.7,Windy
2023-06-29,Miami,-9.4,90,6.5,10.5,Snowy
2023-06-30,New York,3.4,38,2.4,15.3,Sunny
2023-06-30,Los Angeles,24.0,70,10.7,2.1,Snowy
2023-06-30,Chicago,20.3,94,8.4,7.6,Stormy
2023-06-30,Houston,0.9,62,4.7,16.6,Cloudy
2023-06-30,Miami,7.8,30,14.7,17.9,Cloudy
2023-07-01,New York,17.1,59,9.5,10.4,Sunny
2023-07-01,Los Angeles,-1.6,94,12.1,18.1,Sunny
2023-07-01,Chicago,0.3,50,6.0,0.1,Sunny
2023-07-01,Houston,16.3,56,1.9,8.9,Cloudy
2023-07-01,Miami,-1.8,85,13.1,17.8,Snowy
2023-07-02,New York,10.5,76,3.4,10.9,Rainy
2023-07-02,Los Angeles,-9.4,90,1.7,7.8,Cloudy
2023-07-02,Chicago,7.3,59,14.7,6.3,Rainy
2023-07-02,Houston,-1.4,87,17.7,18.9,Windy
2023-07-02,Miami,17.5,76,2.7,4.3,Cloudy
2023-07-03,New York,-1.9,87,19.6,8.7,Cloudy
2023-07-03,Los Angeles,11.2,77,13.1,3.2,Rainy
2023-07-03,Chicago,24.8,58,1.8,0.2,Snowy
2023-07-03,Houston,-9.2,94,9.0,3.1,Cloudy
2023-07-03,Miami,11.6,83,14.7,3.7,Windy
2023-07-04,New York,10.6,80,3.1,11.2,Rainy
2023-07-04,Los Angeles,-4.8,86,13.3,18.4,Snowy
2023-07-04,Chicago,10.4,62,8.7,11.0,Rainy
2023-07-04,Houston,30.1,36,13.3,18.3,Windy
2023-07-04,Miami,31.6,43,11.4,11.6,Cloudy
2023-07-05,New York,-8.9,70,15.4,19.1,Windy
2023-07-05,Los Angeles,21.3,34,5.6,15.7,Windy
2023-07-05,Chicago,11.0,53,10.9,18.8,Windy
2023-07-05,Houston,11.2,74,14.8,7.7,Snowy
2023-07-05,Miami,-9.3,77,16.1,2.0,Rainy
2023-07-06,New York,27.9,91,17.4,7.6,Rainy
2023-07-06,Los Angeles,19.0,81,7.9,16.7,Snowy
2023-07-06,Chicago,3.2,69,14.1,5.1,Windy
2023-07-06,Houston,-2.9,56,11.3,13.3,Rainy
2023-07-06,Miami,19.5,81,6.6,13.1,Cloudy
2023-07-07,New York,24.0,93,10.3,1.5,Cloudy
2023-07-07,Los Angeles,-4.6,60,5.5,0.0,Sunny
2023-07-07,Chicago,2.4,53,18.0,7.9,Windy
2023-07-07,Houston,18.2,77,4.7,14.0,Sunny
2023-07-07,Miami,3.1,82,19.4,9.4,Rainy
2023-07-08,New York,31.6,71,2.6,2.5,Snowy
2023-07-08,Los Angeles,17.2,93,19.0,12.3,Stormy
2023-07-08,Chicago,6.9,72,9.1,9.9,Snowy
2023-07-08,Houston,17.0,99,1.7,16.2,Snowy
2023-07-08,Miami,21.4,81,10.2,16.9,Snowy
2023-07-09,New York,10.4,71,9.5,9.9,Snowy
2023-07-09,Los Angeles,20.8,54,3.1,17.5,Sunny
2023-07-09,Chicago,17.6,82,18.4,13.3,Cloudy
2023-07-09,Houston,34.6,31,7.4,6.0,Stormy
2023-07-09,Miami,21.2,58,17.7,0.9,Sunny
2023-07-10,New York,14.7,93,16.1,10.3,Rainy
2023-07-10,Los Angeles,1.9,62,14.0,6.7,Stormy
2023-07-10,Chicago,7.3,73,7.7,7.1,Cloudy
2023-07-10,Houston,14.8,79,15.4,10.6,Sunny
2023-07-10,Miami,2.0,34,15.0,11.2,Windy
2023-07-11,New York,17.2,93,17.4,15.6,Rainy
2023-07-11,Los Angeles,3.6,47,0.1,6.6,Cloudy
2023-07-11,Chicago,0.7,60,0.7,7.0,Windy
2023-07-11,Houston,7.5,94,18.8,1.5,Snowy
2023-07-11,Miami,-4.1,97,16.0,18.4,Rainy
2023-07-12,New York,3.2,82,9.9,17.5,Windy
2023-07-12,Los Angeles,19.0,92,3.1,15.9,Cloudy
2023-07-12,Chicago,12.9,74,0.9,13.3,Sunny
2023-07-12,Houston,11.1,99,2.7,1.9,Snowy
2023-07-12,Miami,21.3,42,19.2,12.5,Cloudy
2023-07-13,New York,13.0,86,14.0,17.4,Sunny
2023-07-13,Los Angeles,-7.3,77,5.9,0.5,Sunny
2023-07-13,Chicago,24.4,51,14.9,1.8,Cloudy
2023-07-13,Houston,29.4,39,2.5,18.3,Windy
2023-07-13,Miami,0.8,55,6.3,15.1,Cloudy
2023-07-14,New York,27.9,85,0.8,1.3,Rainy
2023-07-14,Los Angeles,17.3,51,7.9,4.1,Snowy
2023-07-14,Chicago,-8.1,44,12.4,2.2,Sunny
2023-07-14,Houston,32.5,58,11.0,18.8,Snowy
2023-07-14,Miami,-6.7,92,3.8,8.9,Sunny
2023-07-15,New York,20.6,76,10.8,5.3,Sunny
2023-07-15,Los Angeles,15.6,88,0.5,17.4,Stormy
2023-07-15,Chicago,20.9,75,9.3,8.4,Sunny
2023-07-15,Houston,33.5,100,12.4,16.8,Cloudy
2023-07-15,Miami,7.7,56,2.8,16.5,Windy
2023-07-16,New York,-1.9,76,11.6,5.5,Rainy
2023-07-16,Los Angeles,33.8,85,5.4,4.1,Snowy
2023-07-16,Chicago,28.1,48,19.3,13.2,Cloudy
2023-07-16,Houston,4.8,76,10.2,17.0,Windy
2023-07-16,Miami,25.9,45,7.3,15.7,Windy
2023-07-17,New York,16.1,37,5.9,16.5,Stormy
2023-07-17,Los Angeles,1.7,87,8.4,3.5,Windy
2023-07-17,Chicago,20.8,93,18.4,0.4,Snowy
2023-07-17,Houston,-0.2,62,8.3,15.3,Rainy
2023-07-17,Miami,14.5,66,15.8,10.5,Sunny
2023-07-18,New York,32.7,33,4.0,14.4,Rainy
2023-07-18,Los Angeles,0.3,89,3.7,0.9,Cloudy
2023-07-18,Chicago,1.7,56,3.7,10.3,Sunny
2023-07-18,Houston,32.7,44,17.8,8.7,Stormy
2023-07-18,Miami,-5.9,61,19.5,17.4,Cloudy
2023-07-19,New York,0.1,36,10.3,20.0,Snowy
2023-07-19,Los Angeles,18.6,40,3.2,14.0,Rainy
2023-07-19,Chicago,6.2,46,12.1,19.0,Snowy
2023-07-19,Houston,7.8,71,1.1,5.9,Sunny
2023-07-19,Miami,8.6,53,11.8,19.5,Stormy
2023-07-20,New York,31.3,48,17.0,2.6,Stormy
2023-07-20,Los Angeles,20.1,89,8.4,6.3,Windy
2023-07-20,Chicago,24.1,98,6.1,18.5,Snowy
2023-07-20,Houston,-0.6,79,5.6,11.9,Windy
2023-07-20,Miami,-4.1,94,14.8,6.3,Windy
2023-07-21,New York,9.4,38,6.6,16.5,Stormy
2023-07-21,Los Angeles,11.9,50,19.9,4.7,Rainy
2023-07-21,Chicago,4.3,61,2.0,7.9,Cloudy
2023-07-21,Houston,-5.6,59,4.5,7.2,Stormy
2023-07-21,Miami,33.2,33,4.2,8.5,Cloudy
2023-07-22,New York,34.5,37,12.6,5.7,Snowy
2023-07-22,Los Angeles,-1.6,30,17.2,9.8,Sunny
2023-07-22,Chicago,23.0,56,0.1,2.4,Rainy
2023-07-22,Houston,29.0,33,19.3,8.7,Windy
2023-07-22,Miami,5.3,41,5.4,10.5,Stormy
2023-07-23,New York,23.6,49,8.3,18.5,Windy
2023-07-23,Los Angeles,34.9,56,12.7,12.0,Rainy
2023-07-23,Chicago,13.9,53,19.7,5.5,Rainy
2023-07-23,Houston,13.9,47,18.8,6.3,Snowy
2023-07-23,Miami,14.7,30,11.9,13.2,Stormy
2023-07-24,New York,20.6,95,16.1,7.9,Snowy
2023-07-24,Los Angeles,-3.6,82,19.8,5.7,Rainy
2023-07-24,Chicago,10.8,31,6.7,1.7,Windy
2023-07-24,Houston,6.5,99,2.2,12.5,Sunny
2023-07-24,Miami,11.6,82,5.4,10.2,Rainy
2023-07-25,New York,14.6,56,10.8,14.2,Cloudy
2023-07-25,Los Angeles,26.5,88,19.6,2.0,Stormy
2023-07-25,Chicago,30.4,75,14.1,5.8,Rainy
2023-07-25,Houston,16.3,56,16.0,6.3,Stormy
2023-07-25,Miami,23.0,42,3.1,12.8,Snowy
2023-07-26,New York,24.7,59,18.3,6.7,Snowy
2023-07-26,Los Angeles,1.1,41,19.2,14.9,Cloudy
2023-07-26,Chicago,27.6,83,16.6,10.0,Sunny
2023-07-26,Houston,7.5,70,10.7,3.2,Stormy
2023-07-26,Miami,26.1,49,4.5,5.0,Windy
2023-07-27,New York,28.7,48,15.3,4.8,Snowy
2023-07-27,Los Angeles,-4.7,50,9.7,7.9,Windy
2023-07-27,Chicago,29.4,88,9.7,1.1,Cloudy
2023-07-27,Houston,11.4,60,10.0,10.9,Stormy
2023-07-27,Miami,27.6,56,7.7,13.5,Rainy
2023-07-28,New York,-8.9,73,11.7,4.4,Cloudy
2023-07-28,Los Angeles,3.3,97,13.8,14.5,Rainy
2023-07-28,Chicago,24.8,60,1.4,14.4,Windy
2023-07-28,Houston,3.4,77,9.3,18.6,Stormy
2023-07-28,Miami,6.9,95,2.7,15.8,Rainy
2023-07-29,New York,11.7,80,3.9,19.5,Snowy
2023-07-29,Los Angeles,22.7,67,0.9,11.8,Snowy
2023-07-29,Chicago,27.6,34,0.1,1.5,Rainy
2023-07-29,Houston,26.9,76,8.7,2.9,Stormy
2023-07-29,Miami,-1.7,68,13.9,4.0,Snowy
2023-07-30,New York,12.3,35,2.7,5.2,Rainy
2023-07-30,Los Angeles,15.8,65,17.8,6.5,Windy
2023-07-30,Chicago,17.2,89,2.1,12.4,Windy
2023-07-30,Houston,34.2,93,12.3,19.9,Snowy
2023-07-30,Miami,18.9,73,2.6,18.4,Cloudy
2023-07-31,New York,26.9,34,9.8,12.6,Sunny
2023-07-31,Los Angeles,27.0,82,6.9,0.0,Rainy
2023-07-31,Chicago,12.3,91,4.6,15.7,Stormy
2023-07-31,Houston,10.7,67,13.5,0.2,Cloudy
2023-07-31,Miami,-1.5,74,14.7,12.7,Sunny
2023-08-01,New York,-8.9,100,0.9,8.6,Rainy
2023-08-01,Los Angeles,6.5,34,10.9,16.9,Snowy
2023-08-01,Chicago,17.2,43,15.7,4.7,Cloudy
2023-08-01,Houston,25.0,81,11.9,18.1,Windy
2023-08-01,Miami,30.5,75,10.8,16.0,Cloudy
2023-08-02,New York,26.5,49,3.8,19.1,Stormy
2023-08-02,Los Angeles,6.0,97,2.8,10.5,Rainy
2023-08-02,Chicago,10.9,85,0.8,6.6,Windy
2023-08-02,Houston,1.4,59,4.2,9.0,Cloudy
2023-08-02,Miami,34.9,47,10.1,9.8,Snowy
2023-08-03,New York,7.0,92,5.6,7.2,Snowy
2023-08-03,Los Angeles,29.5,73,16.9,13.9,Stormy
2023-08-03,Chicago,3.8,48,12.0,2.4,Sunny
2023-08-03,Houston,-4.0,56,1.1,16.2,Sunny
2023-08-03,Miami,9.6,85,5.3,18.6,Rainy
2023-08-04,New York,4.9,47,10.7,13.6,Rainy
2023-08-04,Los Angeles,-2.2,92,7.2,1.0,Cloudy
2023-08-04,Chicago,11.2,90,13.8,14.4,Sunny
2023-08-04,Houston,21.7,64,1.8,12.1,Sunny
2023-08-04,Miami,17.3,51,9.2,14.9,Windy
2023-08-05,New York,16.7,33,16.5,13.6,Rainy
2023-08-05,Los Angeles,4.0,70,7.9,9.5,Sunny
2023-08-05,Chicago,9.8,77,14.5,6.4,Stormy
2023-08-05,Houston,-7.2,71,12.7,10.9,Windy
2023-08-05,Miami,-3.3,69,14.7,18.1,Windy
2023-08-06,New York,8.0,72,2.0,7.4,Windy
2023-08-06,Los Angeles,28.6,80,16.6,1.3,Snowy
2023-08-06,Chicago,32.9,37,14.6,8.3,Cloudy
2023-08-06,Houston,25.6,53,1.3,14.4,Cloudy
2023-08-06,Miami,15.7,34,8.3,10.6,Windy
2023-08-07,New York,20.6,50,6.7,8.2,Cloudy
2023-08-07,Los Angeles,11.5,61,10.6,7.7,Sunny
2023-08-07,Chicago,30.1,61,1.9,4.8,Stormy
2023-08-07,Houston,0.1,90,16.0,2.5,Rainy
2023-08-07,Miami,8.0,43,9.6,13.7,Windy
2023-08-08,New York,8.1,87,13.4,11.2,Stormy
2023-08-08,Los Angeles,-9.8,93,6.9,12.8,Sunny
2023-08-08,Chicago,20.6,62,16.9,11.5,Sunny
2023-08-08,Houston,18.2,71,14.7,17.2,Stormy
2023-08-08,Miami,23.6,44,2.8,1.3,Snowy
2023-08-09,New York,-8.1,77,4.2,10.2,Cloudy
2023-08-09,Los Angeles,-2.4,90,1.6,1.6,Sunny
2023-08-09,Chicago,16.5,72,0.7,7.1,Rainy
2023-08-09,Houston,19.5,47,19.1,9.4,Stormy
2023-08-09,Miami,11.7,79,17.9,9.6,Stormy
2023-08-10,New York,-1.6,43,15.4,7.0,Cloudy
2023-08-10,Los Angeles,9.4,68,11.5,1.7,Rainy
2023-08-10,Chicago,-1.5,66,13.6,10.8,Stormy
2023-08-10,Houston,0.2,86,13.7,0.7,Rainy
2023-08-10,Miami,21.9,41,3.8,7.6,Sunny
2023-08-11,New York,-8.5,97,6.6,17.0,Stormy
2023-08-11,Los Angeles,8.4,75,17.6,10.0,Cloudy
2023-08-11,Chicago,32.9,64,1.7,13.0,Stormy
2023-08-11,Houston,3.7,61,8.3,18.9,Snowy
2023-08-11,Miami,16.8,70,15.9,8.3,Sunny
2023-08-12,New York,1.3,71,4.6,10.4,Stormy
2023-08-12,Los Angeles,-8.0,50,13.2,8.9,Rainy
2023-08-12,Chicago,0.9,46,15.7,18.1,Sunny
2023-08-12,Houston,21.1,91,19.5,18.8,Rainy
2023-08-12,Miami,33.2,68,1.7,7.7,Rainy
2023-08-13,New York,30.7,98,11.3,9.5,Rainy
2023-08-13,Los Angeles,30.1,64,8.2,15.5,Windy
2023-08-13,Chicago,18.6,72,13.7,19.3,Sunny
2023-08-13,Houston,7.4,92,14.3,10.4,Sunny
2023-08-13,Miami,18.2,54,2.1,1.8,Rainy
2023-08-14,New York,-7.9,56,11.5,8.4,Stormy
2023-08-14,Los Angeles,33.9,33,3.6,17.2,Snowy
2023-08-14,Chicago,13.9,40,3.2,7.8,Snowy
2023-08-14,Houston,6.9,89,18.9,1.1,Windy
2023-08-14,Miami,-4.7,66,7.5,3.7,Windy
2023-08-15,New York,25.6,55,6.6,10.0,Snowy
2023-08-15,Los Angeles,-5.9,49,2.4,13.0,Stormy
2023-08-15,Chicago,6.6,100,5.5,15.4,Cloudy
2023-08-15,Houston,16.4,79,15.3,5.3,Sunny
2023-08-15,Miami,14.9,82,2.8,13.8,Stormy
2023-08-16,New York,1.0,84,8.3,12.5,Sunny
2023-08-16,Los Angeles,-7.1,30,18.6,13.2,Windy
2023-08-16,Chicago,19.2,56,2.0,9.4,Snowy
2023-08-16,Houston,29.6,89,9.0,0.9,Windy
2023-08-16,Miami,28.0,88,9.2,12.9,Windy
2023-08-17,New York,7.6,90,13.8,7.0,Sunny
2023-08-17,Los Angeles,28.2,34,15.0,8.8,Sunny
2023-08-17,Chicago,29.0,96,18.6,19.3,Snowy
2023-08-17,Houston,33.8,55,1.7,9.4,Rainy
2023-08-17,Miami,31.9,36,11.6,6.9,Rainy
2023-08-18,New York,-5.4,96,11.8,6.9,Snowy
2023-08-18,Los Angeles,-7.6,63,16.3,8.0,Rainy
2023-08-18,Chicago,-0.5,70,5.1,11.3,Stormy
2023-08-18,Houston,31.4,58,14.2,11.6,Windy
2023-08-18,Miami,19.4,55,18.9,10.8,Stormy
2023-08-19,New York,13.0,93,18.1,7.9,Rainy
2023-08-19,Los Angeles,4.9,99,1.0,18.0,Rainy
2023-08-19,Chicago,34.3,90,17.1,3.0,Sunny
2023-08-19,Houston,25.7,87,14.7,16.5,Rainy
2023-08-19,Miami,8.8,56,11.8,18.9,Cloudy
2023-08-20,New York,8.6,42,8.9,3.2,Stormy
2023-08-20,Los Angeles,3.6,63,7.0,10.9,Cloudy
2023-08-20,Chicago,8.1,82,4.5,13.1,Rainy
2023-08-20,Houston,-5.3,85,17.1,13.7,Windy
2023-08-20,Miami,8.6,69,14.0,6.2,Snowy
2023-08-21,New York,19.4,84,17.5,1.3,Snowy
2023-08-21,Los Angeles,10.8,54,14.3,8.4,Sunny
2023-08-21,Chicago,19.1,74,12.7,1.4,Cloudy
2023-08-21,Houston,14.2,61,12.4,10.1,Windy
2023-08-21,Miami,32.6,42,11.3,19.9,Cloudy
2023-08-22,New York,24.3,80,14.8,13.4,Stormy
2023-08-22,Los Angeles,-7.5,84,0.4,10.3,Sunny
2023-08-22,Chicago,0.8,37,16.8,17.1,Cloudy
2023-08-22,Houston,24.8,82,2.3,16.4,Sunny
2023-08-22,Miami,21.7,80,9.5,5.7,Cloudy
2023-08-23,New York,22.0,77,11.9,17.4,Stormy
2023-08-23,Los Angeles,6.3,83,17.7,11.2,Cloudy
2023-08-23,Chicago,2.4,97,11.2,8.7,Windy
2023-08-23,Houston,-6.5,30,12.3,7.9,Windy
2023-08-23,Miami,0.8,50,0.6,6.8,Snowy
2023-08-24,New York,13.2,91,18.4,10.7,Sunny
2023-08-24,Los Angeles,8.1,75,5.0,3.2,Rainy
2023-08-24,Chicago,-1.3,99,19.1,8.4,Stormy
2023-08-24,Houston,25.8,47,10.2,7.5,Cloudy
2023-08-24,Miami,33.6,99,5.4,4.5,Cloudy
2023-08-25,New York,0.1,99,19.8,19.0,Cloudy
2023-08-25,Los Angeles,-1.0,73,17.7,10.2,Windy
2023-08-25,Chicago,27.9,80,8.1,15.5,Snowy
2023-08-25,Houston,31.1,66,3.3,15.6,Windy
2023-08-25,Miami,26.6,50,15.9,18.8,Snowy
2023-08-26,New York,0.8,76,13.8,1.0,Rainy
2023-08-26,Los Angeles,30.5,80,5.0,6.1,Rainy
2023-08-26,Chicago,29.2,69,13.4,17.0,Cloudy
2023-08-26,Houston,8.6,44,1.8,18.8,Sunny
2023-08-26,Miami,31.1,76,14.8,12.1,Sunny
2023-08-27,New York,12.5,67,14.5,3.1,Rainy
2023-08-27,Los Angeles,23.8,30,16.9,17.6,Sunny
2023-08-27,Chicago,-1.0,89,18.3,6.0,Sunny
2023-08-27,Houston,13.9,37,19.0,10.9,Windy
2023-08-27,Miami,19.5,67,17.7,13.1,Windy
2023-08-28,New York,24.3,68,14.6,1.1,Stormy
2023-08-28,Los Angeles,25.3,71,18.7,19.3,Snowy
2023-08-28,Chicago,0.1,45,3.8,9.6,Stormy
2023-08-28,Houston,20.1,59,18.8,7.1,Snowy
2023-08-28,Miami,-5.2,31,9.6,0.3,Windy
2023-08-29,New York,-9.7,93,4.4,11.4,Windy
2023-08-29,Los Angeles,26.1,67,0.0,13.1,Snowy
2023-08-29,Chicago,-4.2,53,10.9,4.4,Cloudy
2023-08-29,Houston,22.5,48,16.0,3.4,Rainy
2023-08-29,Miami,-3.8,41,17.4,17.9,Snowy
2023-08-30,New York,26.5,44,3.8,12.6,Cloudy
2023-08-30,Los Angeles,24.0,72,2.0,8.6,Sunny
2023-08-30,Chicago,31.4,33,5.6,2.4,Cloudy
2023-08-30,Houston,18.0,58,18.9,8.7,Snowy
2023-08-30,Miami,25.7,83,14.5,1.2,Sunny
2023-08-31,New York,32.9,89,15.4,19.3,Windy
2023-08-31,Los Angeles,-0.9,97,12.9,12.6,Sunny
2023-08-31,Chicago,6.9,43,1.3,18.8,Rainy
2023-08-31,Houston,12.6,51,0.4,5.6,Rainy
2023-08-31,Miami,22.9,31,15.4,6.0,Windy
2023-09-01,New York,17.2,66,11.1,2.4,Windy
2023-09-01,Los Angeles,25.4,57,18.1,12.4,Sunny
2023-09-01,Chicago,28.0,49,2.6,5.4,Sunny
2023-09-01,Houston,9.9,88,14.1,5.0,Sunny
2023-09-01,Miami,19.0,40,14.1,7.5,Sunny
2023-09-02,New York,18.9,76,5.4,6.8,Snowy
2023-09-02,Los Angeles,14.6,62,15.4,0.8,Stormy
2023-09-02,Chicago,0.5,34,6.3,10.4,Snowy
2023-09-02,Houston,10.6,67,13.1,17.9,Windy
2023-09-02,Miami,15.2,58,5.1,0.6,Cloudy
2023-09-03,New York,30.4,68,17.7,5.7,Windy
2023-09-03,Los Angeles,24.0,61,11.0,0.3,Rainy
2023-09-03,Chicago,19.6,38,17.6,11.1,Snowy
2023-09-03,Houston,15.3,62,16.7,8.7,Stormy
2023-09-03,Miami,17.5,69,12.9,8.7,Sunny
2023-09-04,New York,12.6,47,8.4,17.2,Snowy
2023-09-04,Los Angeles,24.3,85,8.4,9.7,Cloudy
2023-09-04,Chicago,33.6,76,16.6,5.3,Rainy
2023-09-04,Houston,10.5,64,18.6,17.2,Sunny
2023-09-04,Miami,7.7,89,5.2,1.8,Sunny
2023-09-05,New York,34.5,95,16.0,15.0,Rainy
2023-09-05,Los Angeles,13.7,59,4.4,16.3,Snowy
2023-09-05,Chicago,16.7,32,6.2,8.4,Stormy
2023-09-05,Houston,7.2,58,4.8,17.2,Cloudy
2023-09-05,Miami,-9.0,88,3.6,6.0,Sunny
2023-09-06,New York,13.8,58,10.2,13.1,Rainy
2023-09-06,Los Angeles,-5.8,96,12.3,14.4,Cloudy
2023-09-06,Chicago,9.3,65,16.2,8.0,Rainy
2023-09-06,Houston,2.2,82,4.7,9.9,Cloudy
2023-09-06,Miami,-6.1,34,18.0,4.9,Rainy
2023-09-07,New York,-4.1,82,17.5,9.5,Snowy
2023-09-07,Los Angeles,27.5,49,13.8,7.7,Stormy
2023-09-07,Chicago,30.6,38,12.4,8.8,Cloudy
2023-09-07,Houston,1.9,36,1.4,8.5,Stormy
2023-09-07,Miami,7.2,81,1.1,12.9,Sunny
2023-09-08,New York,6.0,61,13.4,2.3,Snowy
2023-09-08,Los Angeles,33.5,65,10.7,1.5,Stormy
2023-09-08,Chicago,14.3,36,1.7,8.7,Stormy
2023-09-08,Houston,13.1,81,13.6,6.3,Rainy
2023-09-08,Miami,10.2,61,5.0,7.5,Snowy
2023-09-09,New York,18.8,66,5.4,16.3,Rainy
2023-09-09,Los Angeles,17.9,65,14.9,5.5,Snowy
2023-09-09,Chicago,24.5,53,6.5,3.5,Rainy
2023-09-09,Houston,22.1,82,6.7,10.3,Stormy
2023-09-09,Miami,17.3,35,18.3,7.3,Windy
2023-09-10,New York,16.1,85,6.8,16.2,Sunny
2023-09-10,Los Angeles,18.5,62,0.9,3.4,Windy
2023-09-10,Chicago,1.8,46,6.8,11.7,Sunny
2023-09-10,Houston,6.1,92,19.0,1.8,Cloudy
2023-09-10,Miami,26.2,30,7.7,15.8,Sunny
2023-09-11,New York,-5.8,53,14.6,8.0,Snowy
2023-09-11,Los Angeles,23.9,75,7.6,15.0,Rainy
2023-09-11,Chicago,10.1,81,10.3,13.1,Rainy
2023-09-11,Houston,18.2,74,8.2,14.0,Cloudy
2023-09-11,Miami,24.1,68,10.4,16.7,Windy
2023-09-12,New York,27.3,61,11.0,0.6,Stormy
2023-09-12,Los Angeles,33.9,47,18.0,5.2,Rainy
2023-09-12,Chicago,16.4,44,5.6,11.2,Cloudy
2023-09-12,Houston,25.0,35,12.5,12.9,Snowy
2023-09-12,Miami,-2.3,37,2.9,2.8,Rainy
2023-09-13,New York,16.9,42,13.9,11.8,Windy
2023-09-13,Los Angeles,33.9,83,19.1,1.7,Sunny
2023-09-13,Chicago,10.5,87,14.4,3.1,Sunny
2023-09-13,Houston,29.3,33,14.6,4.5,Windy
2023-09-13,Miami,-7.4,76,9.8,1.8,Windy
2023-09-14,New York,14.0,39,2.4,10.3,Cloudy
2023-09-14,Los Angeles,14.6,48,1.9,1.2,Sunny
2023-09-14,Chicago,26.8,61,8.3,15.1,Sunny
2023-09-14,Houston,-1.3,85,1.9,3.8,Snowy
2023-09-14,Miami,28.2,73,4.9,11.4,Stormy
2023-09-15,New York,3.9,70,4.8,5.8,Stormy
2023-09-15,Los Angeles,20.4,39,3.8,8.2,Stormy
2023-09-15,Chicago,26.3,44,18.6,10.2,Sunny
2023-09-15,Houston,34.2,49,7.8,3.7,Windy
2023-09-15,Miami,34.7,63,0.1,12.1,Snowy
2023-09-16,New York,11.2,60,9.3,3.2,Snowy
2023-09-16,Los Angeles,18.1,92,17.3,4.0,Cloudy
2023-09-16,Chicago,17.6,71,3.4,19.9,Stormy
2023-09-16,Houston,-0.9,93,9.3,2.0,Windy
2023-09-16,Miami,-2.0,36,2.3,12.8,Sunny
2023-09-17,New York,-3.4,64,1.8,19.7,Snowy
2023-09-17,Los Angeles,32.3,79,16.1,16.9,Windy
2023-09-17,Chicago,22.2,64,2.9,10.8,Sunny
2023-09-17,Houston,5.7,45,0.5,13.4,Rainy
2023-09-17,Miami,-9.1,87,7.8,18.8,Sunny
2023-09-18,New York,-3.6,81,0.8,19.1,Windy
2023-09-18,Los Angeles,8.6,73,16.8,15.6,Windy
2023-09-18,Chicago,19.8,57,0.5,6.7,Rainy
2023-09-18,Houston,34.4,35,10.5,3.9,Rainy
2023-09-18,Miami,0.9,31,9.6,2.6,Snowy
2023-09-19,New York,9.7,89,16.3,5.7,Stormy
2023-09-19,Los Angeles,25.1,37,11.3,6.3,Rainy
2023-09-19,Chicago,5.7,47,16.8,19.2,Cloudy
2023-09-19,Houston,16.6,98,12.5,4.3,Sunny
2023-09-19,Miami,24.0,69,2.5,8.5,Windy
2023-09-20,New York,33.5,39,15.4,14.1,Stormy
2023-09-20,Los Angeles,27.4,37,19.5,1.6,Cloudy
2023-09-20,Chicago,13.4,59,2.0,16.5,Snowy
2023-09-20,Houston,9.4,60,2.5,15.5,Windy
2023-09-20,Miami,-9.4,73,9.6,5.9,Stormy
2023-09-21,New York,18.0,59,1.9,17.9,Snowy
2023-09-21,Los Angeles,20.2,82,13.4,14.5,Snowy
2023-09-21,Chicago,12.7,83,7.2,8.1,Stormy
2023-09-21,Houston,15.7,76,10.0,14.4,Windy
2023-09-21,Miami,8.1,60,13.6,19.1,Windy
2023-09-22,New York,4.9,68,15.0,17.9,Stormy
2023-09-22,Los Angeles,23.6,64,5.2,4.8,Windy
2023-09-22,Chicago,11.0,64,17.8,11.9,Stormy
2023-09-22,Houston,12.2,76,2.4,14.9,Sunny
2023-09-22,Miami,25.5,34,18.1,4.1,Sunny
2023-09-23,New York,26.7,79,15.6,1.0,Snowy
2023-09-23,Los Angeles,12.1,31,12.2,2.5,Rainy
2023-09-23,Chicago,5.2,55,5.4,14.7,Cloudy
2023-09-23,Houston,-3.9,34,4.5,13.8,Cloudy
2023-09-23,Miami,-0.3,46,13.3,15.0,Rainy
2023-09-24,New York,21.8,98,13.4,10.6,Snowy
2023-09-24,Los Angeles,-0.5,57,8.7,1.5,Windy
2023-09-24,Chicago,-9.1,99,0.4,16.1,Stormy
2023-09-24,Houston,28.3,90,12.7,10.1,Cloudy
2023-09-24,Miami,27.7,51,7.2,6.9,Windy
2023-09-25,New York,1.2,90,7.3,19.3,Stormy
2023-09-25,Los Angeles,-7.4,91,5.2,17.5,Cloudy
2023-09-25,Chicago,5.0,53,1.7,8.8,Cloudy
2023-09-25,Houston,11.5,56,18.6,0.8,Stormy
2023-09-25,Miami,-0.6,93,0.9,9.8,Windy
2023-09-26,New York,25.0,93,16.2,12.0,Rainy
2023-09-26,Los Angeles,16.9,40,2.2,0.1,Snowy
2023-09-26,Chicago,3.8,75,16.2,15.4,Cloudy
2023-09-26,Houston,6.7,46,10.5,8.9,Cloudy
2023-09-26,Miami,-8.2,78,2.4,16.6,Rainy
2023-09-27,New York,6.4,76,15.8,13.8,Cloudy
2023-09-27,Los Angeles,30.5,56,3.2,17.5,Sunny
2023-09-27,Chicago,4.3,40,0.1,0.8,Cloudy
2023-09-27,Houston,11.5,85,7.8,5.6,Rainy
2023-09-27,Miami,8.9,90,9.3,8.8,Rainy
2023-09-28,New York,24.9,31,17.3,11.0,Windy
2023-09-28,Los Angeles,27.9,40,15.3,16.0,Stormy
2023-09-28,Chicago,9.6,85,15.5,3.8,Sunny
2023-09-28,Houston,-6.9,32,9.3,13.8,Windy
2023-09-28,Miami,0.9,83,1.3,19.4,Cloudy
2023-09-29,New York,24.1,48,15.1,9.3,Cloudy
2023-09-29,Los Angeles,4.5,85,15.7,16.4,Stormy
2023-09-29,Chicago,28.5,75,12.0,3.2,Snowy
2023-09-29,Houston,24.2,94,16.2,9.0,Windy
2023-09-29,Miami,17.2,73,5.9,1.8,Windy
2023-09-30,New York,24.4,63,18.6,0.0,Snowy
2023-09-30,Los Angeles,35.0,74,12.0,8.3,Stormy
2023-09-30,Chicago,26.3,50,10.2,17.0,Sunny
2023-09-30,Houston,-5.2,93,19.7,13.6,Stormy
2023-09-30,Miami,23.7,48,6.1,8.3,Snowy
2023-10-01,New York,6.9,43,0.5,10.6,Stormy
2023-10-01,Los Angeles,-4.0,55,1.4,9.6,Cloudy
2023-10-01,Chicago,-3.2,32,8.0,19.0,Rainy
2023-10-01,Houston,6.4,35,4.8,6.6,Sunny
2023-10-01,Miami,18.8,69,14.8,15.4,Rainy
2023-10-02,New York,9.7,63,6.2,10.6,Windy
2023-10-02,Los Angeles,12.9,71,6.4,12.0,Stormy
2023-10-02,Chicago,11.8,99,10.7,0.1,Rainy
2023-10-02,Houston,31.5,33,11.5,5.1,Windy
2023-10-02,Miami,26.2,73,4.4,11.4,Windy
2023-10-03,New York,6.5,91,13.7,6.5,Sunny
2023-10-03,Los Angeles,1.8,93,3.9,18.1,Stormy
2023-10-03,Chicago,5.3,48,11.2,19.0,Windy
2023-10-03,Houston,9.9,32,3.1,12.8,Cloudy
2023-10-03,Miami,2.1,89,1.1,6.5,Rainy
2023-10-04,New York,1.0,82,18.7,10.1,Stormy
2023-10-04,Los Angeles,18.0,50,19.2,19.4,Sunny
2023-10-04,Chicago,2.3,51,18.8,4.3,Sunny
2023-10-04,Houston,19.3,57,6.9,10.4,Cloudy
2023-10-04,Miami,30.1,65,17.6,11.4,Cloudy
2023-10-05,New York,8.5,46,12.5,15.8,Cloudy
2023-10-05,Los Angeles,7.0,76,2.1,10.0,Windy
2023-10-05,Chicago,-9.7,77,2.5,7.2,Stormy
2023-10-05,Houston,12.6,71,12.8,14.0,Stormy
2023-10-05,Miami,30.1,53,11.5,13.4,Rainy
2023-10-06,New York,18.7,39,6.2,10.9,Rainy
2023-10-06,Los Angeles,27.5,49,17.3,17.9,Stormy
2023-10-06,Chicago,30.3,73,16.0,19.8,Stormy
2023-10-06,Houston,28.1,84,0.8,19.1,Sunny
2023-10-06,Miami,-9.7,76,14.7,4.6,Rainy
2023-10-07,New York,-8.4,62,16.9,2.4,Snowy
2023-10-07,Los Angeles,19.9,92,18.1,7.0,Rainy
2023-10-07,Chicago,-4.0,87,2.5,18.3,Windy
2023-10-07,Houston,24.2,35,2.3,19.6,Rainy
2023-10-07,Miami,23.2,44,10.6,9.1,Rainy
2023-10-08,New York,29.7,54,1.9,12.4,Rainy
2023-10-08,Los Angeles,25.4,81,4.8,8.8,Snowy
2023-10-08,Chicago,-0.7,69,16.4,8.9,Windy
2023-10-08,Houston,12.0,92,19.2,16.5,Snowy
2023-10-08,Miami,33.8,77,1.3,1.2,Cloudy
2023-10-09,New York,0.9,45,18.9,10.4,Sunny
2023-10-09,Los Angeles,30.3,58,2.3,15.5,Snowy
2023-10-09,Chicago,29.9,65,6.5,12.3,Rainy
2023-10-09,Houston,24.2,84,9.7,0.1,Sunny
2023-10-09,Miami,28.2,40,0.2,1.3,Sunny
2023-10-10,New York,20.9,94,10.6,18.9,Stormy
2023-10-10,Los Angeles,10.2,70,2.9,11.0,Cloudy
2023-10-10,Chicago,11.3,67,18.5,11.9,Sunny
2023-10-10,Houston,-7.3,81,13.5,7.0,Stormy
2023-10-10,Miami,31.1,86,11.9,19.3,Sunny
2023-10-11,New York,-7.2,48,6.2,12.0,Windy
2023-10-11,Los Angeles,-1.1,57,1.4,12.9,Snowy
2023-10-11,Chicago,6.2,45,12.2,18.0,Windy
2023-10-11,Houston,13.0,96,9.6,16.6,Cloudy
2023-10-11,Miami,5.9,81,11.5,12.1,Cloudy
2023-10-12,New York,20.5,45,17.9,9.8,Windy
2023-10-12,Los Angeles,17.5,47,13.7,9.2,Windy
2023-10-12,Chicago,6.5,95,19.3,19.0,Rainy
2023-10-12,Houston,23.7,43,0.6,12.2,Sunny
2023-10-12,Miami,7.2,71,16.7,13.3,Snowy
2023-10-13,New York,0.7,78,17.3,7.7,Snowy
2023-10-13,Los Angeles,34.7,88,0.3,10.5,Snowy
2023-10-13,Chicago,9.0,65,5.4,9.2,Windy
2023-10-13,Houston,4.8,79,12.4,8.7,Stormy
2023-10-13,Miami,33.8,69,18.0,14.5,Rainy
2023-10-14,New York,12.3,34,8.7,13.3,Rainy
2023-10-14,Los Angeles,1.8,41,3.8,1.7,Sunny
2023-10-14,Chicago,33.0,88,0.6,2.8,Cloudy
2023-10-14,Houston,16.2,35,14.5,0.7,Stormy
2023-10-14,Miami,4.3,94,14.3,3.9,Cloudy
2023-10-15,New York,-6.2,100,13.8,12.9,Stormy
2023-10-15,Los Angeles,31.4,90,9.4,17.9,Snowy
2023-10-15,Chicago,16.6,40,6.7,15.0,Windy
2023-10-15,Houston,18.7,64,19.2,7.0,Snowy
2023-10-15,Miami,12.6,41,1.4,10.5,Windy
2023-10-16,New York,-0.8,94,20.0,4.2,Stormy
2023-10-16,Los Angeles,5.6,91,7.8,1.9,Stormy
2023-10-16,Chicago,16.7,70,14.9,11.7,Snowy
2023-10-16,Houston,33.9,84,2.7,8.6,Rainy
2023-10-16,Miami,23.8,83,0.4,6.0,Snowy
2023-10-17,New York,18.7,57,7.3,18.4,Windy
2023-10-17,Los Angeles,30.3,56,10.3,16.1,Snowy
2023-10-17,Chicago,2.3,31,6.6,11.7,Cloudy
2023-10-17,Houston,3.1,31,18.8,3.0,Snowy
2023-10-17,Miami,1.6,45,5.4,14.0,Stormy
2023-10-18,New York,26.0,51,8.8,3.8,Snowy
2023-10-18,Los Angeles,19.5,68,11.0,3.6,Sunny
2023-10-18,Chicago,33.8,90,3.4,17.1,Rainy
2023-10-18,Houston,16.5,77,17.2,3.9,Sunny
2023-10-18,Miami,34.7,34,18.4,9.3,Windy
2023-10-19,New York,25.9,85,8.7,2.8,Windy
2023-10-19,Los Angeles,26.1,72,5.0,5.6,Rainy
2023-10-19,Chicago,28.0,39,9.4,4.4,Cloudy
2023-10-19,Houston,10.1,37,17.0,17.0,Stormy
2023-10-19,Miami,-6.6,70,0.4,18.9,Stormy
2023-10-20,New York,22.5,80,11.6,17.5,Rainy
2023-10-20,Los Angeles,12.8,64,10.2,19.1,Windy
2023-10-20,Chicago,32.5,37,8.8,2.1,Snowy
2023-10-20,Houston,2.9,40,18.4,7.2,Sunny
2023-10-20,Miami,14.2,62,7.0,18.9,Rainy
2023-10-21,New York,19.6,54,17.8,18.7,Stormy
2023-10-21,Los Angeles,13.7,90,16.0,7.9,Snowy
2023-10-21,Chicago,30.1,62,1.9,6.2,Windy
2023-10-21,Houston,14.9,84,0.1,9.3,Sunny
2023-10-21,Miami,31.5,89,5.3,7.9,Stormy
2023-10-22,New York,11.4,89,3.3,16.1,Windy
2023-10-22,Los Angeles,24.8,39,14.0,11.9,Sunny
2023-10-22,Chicago,0.2,86,11.3,0.4,Windy
2023-10-22,Houston,8.5,97,11.6,15.1,Cloudy
2023-10-22,Miami,2.4,44,1.6,19.7,Stormy
2023-10-23,New York,-6.4,97,2.1,11.7,Stormy
2023-10-23,Los Angeles,-9.1,49,0.7,17.9,Stormy
2023-10-23,Chicago,15.6,82,10.2,4.9,Cloudy
2023-10-23,Houston,18.6,38,12.6,12.4,Windy
2023-10-23,Miami,0.2,67,10.6,9.4,Windy
2023-10-24,New York,11.1,97,10.3,6.1,Rainy
2023-10-24,Los Angeles,-5.5,77,5.2,10.3,Cloudy
2023-10-24,Chicago,26.4,92,19.4,15.7,Cloudy
2023-10-24,Houston,-9.0,65,5.7,6.7,Snowy
2023-10-24,Miami,30.3,89,15.4,19.1,Snowy
2023-10-25,New York,14.4,37,8.0,0.5,Sunny
2023-10-25,Los Angeles,31.3,77,11.2,15.2,Rainy
2023-10-25,Chicago,-3.5,68,10.3,13.5,Rainy
2023-10-25,Houston,31.3,48,16.2,6.4,Windy
2023-10-25,Miami,1.9,99,10.0,9.9,Rainy
2023-10-26,New York,9.9,59,13.7,14.2,Cloudy
2023-10-26,Los Angeles,10.0,94,5.8,6.0,Sunny
2023-10-26,Chicago,-5.9,50,8.9,1.2,Cloudy
2023-10-26,Houston,-7.2,55,17.6,14.7,Rainy
2023-10-26,Miami,10.3,38,17.6,12.2,Cloudy
2023-10-27,New York,31.6,68,10.1,3.8,Snowy
2023-10-27,Los Angeles,34.7,66,14.1,1.1,Snowy
2023-10-27,Chicago,29.6,60,5.7,17.1,Snowy
2023-10-27,Houston,24.2,77,5.7,19.2,Windy
2023-10-27,Miami,32.5,88,16.3,19.2,Windy
2023-10-28,New York,16.1,100,11.9,13.1,Rainy
2023-10-28,Los Angeles,23.9,67,16.4,2.1,Cloudy
2023-10-28,Chicago,29.2,70,0.7,5.3,Snowy
2023-10-28,Houston,27.3,47,16.7,19.3,Cloudy
2023-10-28,Miami,12.4,80,14.7,12.6,Sunny
2023-10-29,New York,23.5,87,5.1,1.7,Snowy
2023-10-29,Los Angeles,-8.2,85,11.5,1.4,Sunny
2023-10-29,Chicago,2.5,55,13.6,16.8,Cloudy
2023-10-29,Houston,13.0,98,7.5,3.9,Stormy
2023-10-29,Miami,10.4,97,12.7,15.6,Snowy
2023-10-30,New York,0.7,80,7.4,15.4,Stormy
2023-10-30,Los Angeles,32.9,77,6.5,2.6,Windy
2023-10-30,Chicago,20.3,64,19.9,16.0,Snowy
2023-10-30,Houston,19.0,92,12.0,10.2,Stormy
2023-10-30,Miami,24.5,50,6.2,2.5,Windy
2023-10-31,New York,29.8,93,15.0,13.2,Stormy
2023-10-31,Los Angeles,-2.3,70,0.2,18.6,Rainy
2023-10-31,Chicago,26.5,51,9.2,2.7,Sunny
2023-10-31,Houston,-7.1,70,8.0,5.0,Snowy
2023-10-31,Miami,1.6,86,4.5,19.7,Snowy
2023-11-01,New York,-4.5,87,8.6,2.9,Cloudy
2023-11-01,Los Angeles,32.7,91,3.6,7.8,Rainy
2023-11-01,Chicago,17.0,65,16.2,10.2,Windy
2023-11-01,Houston,1.3,37,11.9,10.6,Cloudy
2023-11-01,Miami,32.5,47,14.4,15.3,Snowy
2023-11-02,New York,26.0,76,3.9,15.6,Windy
2023-11-02,Los Angeles,34.7,51,10.9,15.0,Windy
2023-11-02,Chicago,27.2,68,13.7,16.9,Snowy
2023-11-02,Houston,16.0,31,2.1,19.0,Rainy
2023-11-02,Miami,4.8,73,13.2,0.1,Sunny
2023-11-03,New York,32.3,65,18.6,12.2,Snowy
2023-11-03,Los Angeles,9.4,76,15.3,6.0,Sunny
2023-11-03,Chicago,16.2,75,15.2,2.7,Snowy
2023-11-03,Houston,7.2,56,6.5,14.1,Rainy
2023-11-03,Miami,2.6,44,5.1,4.9,Windy
2023-11-04,New York,15.9,33,2.0,7.5,Snowy
2023-11-04,Los Angeles,26.9,99,12.1,14.3,Sunny
2023-11-04,Chicago,0.6,67,1.5,6.3,Windy
2023-11-04,Houston,6.5,48,19.8,8.2,Rainy
2023-11-04,Miami,30.5,99,12.9,12.2,Snowy
2023-11-05,New York,10.9,31,14.8,14.9,Sunny
2023-11-05,Los Angeles,17.6,55,13.5,16.4,Rainy
2023-11-05,Chicago,2.0,95,12.0,9.2,Windy
2023-11-05,Houston,8.1,30,1.5,16.7,Windy
2023-11-05,Miami,9.6,76,19.1,8.3,Rainy
2023-11-06,New York,29.4,36,15.7,14.5,Windy
2023-11-06,Los Angeles,16.5,82,15.1,11.1,Sunny
2023-11-06,Chicago,13.4,66,9.6,5.6,Rainy
2023-11-06,Houston,18.4,96,11.9,11.3,Snowy
2023-11-06,Miami,1.2,42,10.6,15.9,Windy
2023-11-07,New York,24.0,70,12.6,1.5,Cloudy
2023-11-07,Los Angeles,25.8,53,11.5,16.9,Cloudy
2023-11-07,Chicago,21.4,57,3.3,9.3,Cloudy
2023-11-07,Houston,-1.9,37,5.2,2.5,Windy
2023-11-07,Miami,29.8,40,10.1,19.6,Rainy
2023-11-08,New York,14.6,68,5.3,13.4,Cloudy
2023-11-08,Los Angeles,22.2,54,19.4,18.8,Windy
2023-11-08,Chicago,-8.4,100,13.9,3.6,Stormy
2023-11-08,Houston,10.6,67,1.9,18.2,Windy
2023-11-08,Miami,19.2,75,8.1,7.5,Stormy
2023-11-09,New York,34.0,54,5.8,10.9,Stormy
2023-11-09,Los Angeles,23.6,77,19.3,13.0,Sunny
2023-11-09,Chicago,19.2,43,11.6,3.4,Rainy
2023-11-09,Houston,-10.0,54,17.2,12.6,Rainy
2023-11-09,Miami,17.7,36,15.5,16.0,Rainy
2023-11-10,New York,7.1,72,10.5,1.7,Sunny
2023-11-10,Los Angeles,29.7,73,3.8,17.8,Stormy
2023-11-10,Chicago,-4.1,34,14.0,8.9,Rainy
2023-11-10,Houston,14.5,33,6.3,2.7,Cloudy
2023-11-10,Miami,2.9,56,5.4,13.7,Rainy
2023-11-11,New York,20.2,87,19.7,11.3,Sunny
2023-11-11,Los Angeles,17.3,63,14.6,5.9,Snowy
2023-11-11,Chicago,21.7,33,15.7,1.8,Stormy
2023-11-11,Houston,-1.5,61,0.2,11.8,Sunny
2023-11-11,Miami,1.8,30,7.7,5.4,Windy
2023-11-12,New York,3.9,38,2.7,5.9,Rainy
2023-11-12,Los Angeles,12.2,48,16.3,17.7,Snowy
2023-11-12,Chicago,14.1,41,13.5,10.7,Windy
2023-11-12,Houston,0.0,85,6.4,4.0,Cloudy
2023-11-12,Miami,17.3,59,8.3,1.6,Cloudy
2023-11-13,New York,-9.8,35,17.3,17.6,Sunny
2023-11-13,Los Angeles,22.1,38,16.9,9.9,Snowy
2023-11-13,Chicago,-5.3,74,12.4,17.8,Cloudy
2023-11-13,Houston,-3.4,59,11.0,7.4,Stormy
2023-11-13,Miami,-3.6,67,14.2,5.3,Snowy
2023-11-14,New York,-4.4,87,15.8,19.6,Stormy
2023-11-14,Los Angeles,30.6,67,6.5,2.7,Stormy
2023-11-14,Chicago,2.8,69,13.7,14.5,Rainy
2023-11-14,Houston,21.2,60,14.2,9.6,Rainy
2023-11-14,Miami,23.0,66,9.1,13.1,Cloudy
2023-11-15,New York,0.1,34,4.9,13.6,Cloudy
2023-11-15,Los Angeles,21.5,72,13.3,12.1,Windy
2023-11-15,Chicago,6.2,41,0.6,15.8,Stormy
2023-11-15,Houston,-3.8,76,18.6,10.0,Windy
2023-11-15,Miami,30.8,60,2.4,11.5,Stormy
2023-11-16,New York,-9.4,50,0.4,0.3,Rainy
2023-11-16,Los Angeles,23.6,89,11.5,10.8,Sunny
2023-11-16,Chicago,22.8,96,17.8,7.2,Cloudy
2023-11-16,Houston,-2.1,60,8.6,14.5,Rainy
2023-11-16,Miami,31.8,84,14.6,13.8,Snowy
2023-11-17,New York,26.7,48,2.2,2.5,Stormy
2023-11-17,Los Angeles,32.6,52,18.7,11.5,Windy
2023-11-17,Chicago,4.1,51,6.5,11.1,Snowy
2023-11-17,Houston,-0.1,31,12.3,2.0,Windy
2023-11-17,Miami,12.7,69,3.4,15.7,Windy
2023-11-18,New York,13.2,74,15.2,2.3,Snowy
2023-11-18,Los Angeles,18.3,46,16.1,0.2,Sunny
2023-11-18,Chicago,26.5,51,15.4,2.9,Rainy
2023-11-18,Houston,18.2,49,12.2,3.2,Windy
2023-11-18,Miami,1.1,78,13.2,6.5,Rainy
2023-11-19,New York,34.2,35,5.8,6.5,Cloudy
2023-11-19,Los Angeles,34.5,47,4.1,19.8,Cloudy
2023-11-19,Chicago,11.1,49,7.0,12.1,Stormy
2023-11-19,Houston,10.2,50,19.9,5.8,Snowy
2023-11-19,Miami,-6.3,36,0.2,4.6,Cloudy
2023-11-20,New York,27.0,66,18.7,19.2,Snowy
2023-11-20,Los Angeles,-9.5,99,16.4,12.8,Snowy
2023-11-20,Chicago,1.5,65,3.9,19.8,Snowy
2023-11-20,Houston,-8.2,43,16.1,10.9,Cloudy
2023-11-20,Miami,17.0,79,3.1,15.4,Cloudy
2023-11-21,New York,-7.5,50,13.7,1.2,Sunny
2023-11-21,Los Angeles,-9.5,72,16.3,16.2,Rainy
2023-11-21,Chicago,-5.6,35,14.6,2.5,Sunny
2023-11-21,Houston,25.2,43,13.5,13.7,Sunny
2023-11-21,Miami,23.7,57,18.9,1.2,Stormy
2023-11-22,New York,-8.4,66,6.5,2.9,Rainy
2023-11-22,Los Angeles,12.6,80,9.6,5.5,Cloudy
2023-11-22,Chicago,23.8,83,3.3,12.3,Cloudy
2023-11-22,Houston,9.5,45,9.2,9.6,Snowy
2023-11-22,Miami,12.1,94,9.0,2.1,Sunny
2023-11-23,New York,-0.2,81,16.9,2.0,Rainy
2023-11-23,Los Angeles,-5.6,68,15.0,8.1,Stormy
2023-11-23,Chicago,1.5,95,8.4,2.3,Rainy
2023-11-23,Houston,-7.9,72,15.3,8.1,Rainy
2023-11-23,Miami,29.8,92,16.1,9.1,Sunny
2023-11-24,New York,0.5,83,13.4,14.8,Cloudy
2023-11-24,Los Angeles,11.9,80,10.3,6.9,Sunny
2023-11-24,Chicago,7.8,98,1.8,15.7,Cloudy
2023-11-24,Houston,16.8,79,17.6,15.9,Cloudy
2023-11-24,Miami,-2.0,43,6.6,2.0,Sunny
2023-11-25,New York,5.8,86,13.0,15.7,Windy
2023-11-25,Los Angeles,23.7,50,7.3,3.4,Snowy
2023-11-25,Chicago,5.6,95,17.4,16.5,Windy
2023-11-25,Houston,8.2,49,14.9,18.7,Windy
2023-11-25,Miami,24.9,35,9.5,1.7,Stormy
2023-11-26,New York,-0.2,52,9.6,15.2,Snowy
2023-11-26,Los Angeles,-8.4,62,14.4,15.1,Stormy
2023-11-26,Chicago,-8.8,41,4.1,12.4,Rainy
2023-11-26,Houston,-0.0,58,16.2,4.7,Windy
2023-11-26,Miami,33.6,80,19.3,15.0,Windy
2023-11-27,New York,7.7,70,0.9,6.3,Cloudy
2023-11-27,Los Angeles,22.9,85,15.6,6.0,Stormy
2023-11-27,Chicago,19.3,62,15.0,9.2,Windy
2023-11-27,Houston,11.4,76,17.1,7.4,Rainy
2023-11-27,Miami,23.1,65,6.4,5.3,Snowy
2023-11-28,New York,14.4,53,16.9,19.9,Snowy
2023-11-28,Los Angeles,34.6,71,7.6,9.2,Stormy
2023-11-28,Chicago,34.7,72,13.7,18.3,Snowy
2023-11-28,Houston,5.3,95,9.8,11.1,Cloudy
2023-11-28,Miami,32.8,55,16.4,18.3,Rainy
2023-11-29,New York,22.1,83,10.6,17.2,Sunny
2023-11-29,Los Angeles,-4.8,95,9.7,15.0,Cloudy
2023-11-29,Chicago,3.6,73,13.1,16.4,Snowy
2023-11-29,Houston,-5.7,69,6.6,3.8,Stormy
2023-11-29,Miami,1.3,35,11.7,17.2,Windy
2023-11-30,New York,8.8,62,11.7,15.0,Sunny
2023-11-30,Los Angeles,19.0,75,5.7,15.0,Stormy
2023-11-30,Chicago,0.9,64,17.2,12.6,Sunny
2023-11-30,Houston,29.6,74,2.4,15.6,Rainy
2023-11-30,Miami,9.3,42,15.8,11.3,Rainy
2023-12-01,New York,21.5,65,12.1,9.3,Cloudy
2023-12-01,Los Angeles,-2.5,72,0.0,15.6,Windy
2023-12-01,Chicago,-9.2,49,15.1,4.9,Snowy
2023-12-01,Houston,13.9,94,16.3,7.5,Windy
2023-12-01,Miami,0.2,40,18.3,9.8,Stormy
2023-12-02,New York,2.4,46,2.6,17.8,Sunny
2023-12-02,Los Angeles,22.2,34,8.7,11.9,Stormy
2023-12-02,Chicago,32.4,50,14.2,13.5,Stormy
2023-12-02,Houston,18.8,61,8.2,2.2,Rainy
2023-12-02,Miami,-7.8,30,10.7,10.2,Stormy
2023-12-03,New York,-7.3,39,4.8,19.5,Stormy
2023-12-03,Los Angeles,7.4,84,4.9,0.1,Snowy
2023-12-03,Chicago,10.9,81,4.0,4.9,Windy
2023-12-03,Houston,12.4,97,0.0,15.9,Rainy
2023-12-03,Miami,32.3,46,15.2,13.4,Windy
2023-12-04,New York,1.4,87,3.3,0.6,Sunny
2023-12-04,Los Angeles,33.3,85,11.4,5.3,Windy
2023-12-04,Chicago,-5.4,43,9.5,7.7,Windy
2023-12-04,Houston,30.5,58,16.3,14.8,Windy
2023-12-04,Miami,15.6,89,8.3,3.6,Rainy
2023-12-05,New York,8.7,63,15.2,11.8,Rainy
2023-12-05,Los Angeles,-3.9,98,15.8,18.4,Snowy
2023-12-05,Chicago,9.4,66,4.0,6.1,Sunny
2023-12-05,Houston,20.0,92,15.8,15.5,Rainy
2023-12-05,Miami,-7.6,33,4.7,2.2,Windy
2023-12-06,New York,30.1,94,18.4,11.1,Sunny
2023-12-06,Los Angeles,-2.3,78,11.8,19.4,Windy
2023-12-06,Chicago,12.8,76,8.6,19.0,Windy
2023-12-06,Houston,23.9,34,16.8,13.1,Stormy
2023-12-06,Miami,9.1,50,0.8,12.6,Rainy
2023-12-07,New York,30.4,79,15.2,17.7,Cloudy
2023-12-07,Los Angeles,-7.9,49,16.2,0.5,Stormy
2023-12-07,Chicago,9.6,71,7.9,8.4,Snowy
2023-12-07,Houston,20.1,95,18.2,15.8,Snowy
2023-12-07,Miami,9.0,52,0.6,9.6,Stormy
2023-12-08,New York,24.1,83,0.9,11.2,Rainy
2023-12-08,Los Angeles,24.4,64,3.0,16.1,Cloudy
2023-12-08,Chicago,14.0,92,19.8,14.9,Rainy
2023-12-08,Houston,9.5,34,8.9,19.0,Sunny
2023-12-08,Miami,9.1,60,0.3,1.7,Sunny
2023-12-09,New York,4.8,68,0.3,19.1,Stormy
2023-12-09,Los Angeles,25.2,35,13.1,2.2,Rainy
2023-12-09,Chicago,18.9,58,0.2,19.5,Sunny
2023-12-09,Houston,0.6,93,7.3,1.3,Rainy
2023-12-09,Miami,-3.9,65,7.7,11.9,Windy
2023-12-10,New York,2.3,65,11.6,18.9,Sunny
2023-12-10,Los Angeles,12.9,79,11.2,14.6,Stormy
2023-12-10,Chicago,-2.8,79,9.5,4.9,Stormy
2023-12-10,Houston,20.1,92,11.7,14.0,Windy
2023-12-10,Miami,-3.5,79,17.3,16.6,Rainy
2023-12-11,New York,34.6,87,10.7,19.7,Snowy
2023-12-11,Los Angeles,-9.3,45,6.5,13.2,Snowy
2023-12-11,Chicago,3.1,69,6.6,19.0,Sunny
2023-12-11,Houston,21.5,70,10.9,13.2,Rainy
2023-12-11,Miami,33.3,59,3.6,1.1,Snowy
2023-12-12,New York,8.6,91,1.9,11.2,Stormy
2023-12-12,Los Angeles,13.0,75,14.5,5.7,Stormy
2023-12-12,Chicago,33.2,71,6.8,1.6,Windy
2023-12-12,Houston,3.0,90,15.6,13.9,Stormy
2023-12-12,Miami,23.5,40,11.0,7.9,Windy
2023-12-13,New York,19.0,38,18.4,5.2,Windy
2023-12-13,Los Angeles,0.5,93,13.1,9.0,Windy
2023-12-13,Chicago,24.1,56,10.8,11.4,Cloudy
2023-12-13,Houston,6.4,97,12.0,0.0,Cloudy
2023-12-13,Miami,27.7,80,7.0,10.1,Snowy
2023-12-14,New York,3.1,46,8.9,17.6,Cloudy
2023-12-14,Los Angeles,22.2,87,0.4,16.7,Snowy
2023-12-14,Chicago,33.7,91,8.0,7.6,Snowy
2023-12-14,Houston,-9.2,50,3.0,14.6,Rainy
2023-12-14,Miami,-8.1,73,5.5,2.3,Stormy
2023-12-15,New York,11.7,53,12.1,13.7,Cloudy
2023-12-15,Los Angeles,32.5,94,2.8,16.3,Windy
2023-12-15,Chicago,25.4,61,19.4,14.4,Snowy
2023-12-15,Houston,26.7,55,14.9,18.4,Windy
2023-12-15,Miami,11.3,63,2.7,6.5,Rainy
2023-12-16,New York,8.7,50,11.5,13.0,Snowy
2023-12-16,Los Angeles,18.4,71,13.4,10.4,Sunny
2023-12-16,Chicago,26.9,74,11.4,2.2,Stormy
2023-12-16,Houston,17.4,56,1.2,11.0,Stormy
2023-12-16,Miami,34.9,48,15.8,15.5,Sunny
2023-12-17,New York,20.5,42,15.9,6.7,Stormy
2023-12-17,Los Angeles,27.3,75,16.9,19.3,Windy
2023-12-17,Chicago,-2.3,34,8.7,10.8,Rainy
2023-12-17,Houston,21.8,92,6.6,12.9,Cloudy
2023-12-17,Miami,-7.6,69,9.6,12.4,Sunny
2023-12-18,New York,18.2,34,19.4,2.6,Stormy
2023-12-18,Los Angeles,26.0,63,4.5,1.9,Rainy
2023-12-18,Chicago,30.1,74,13.0,18.3,Rainy
2023-12-18,Houston,-0.9,36,16.8,5.1,Cloudy
2023-12-18,Miami,9.1,42,20.0,14.7,Snowy
2023-12-19,New York,30.7,70,1.4,13.6,Windy
2023-12-19,Los Angeles,4.7,64,13.2,7.0,Snowy
2023-12-19,Chicago,-1.1,33,8.9,3.6,Sunny
2023-12-19,Houston,14.6,42,5.7,3.9,Snowy
2023-12-19,Miami,4.4,48,16.7,0.8,Rainy
2023-12-20,New York,8.9,84,13.2,2.4,Snowy
2023-12-20,Los Angeles,-6.0,31,15.5,9.1,Snowy
2023-12-20,Chicago,-1.0,65,7.1,11.5,Rainy
2023-12-20,Houston,-3.4,90,10.7,15.0,Sunny
2023-12-20,Miami,26.6,46,9.8,9.8,Rainy
2023-12-21,New York,-8.1,38,0.6,3.4,Windy
2023-12-21,Los Angeles,21.8,67,16.9,1.4,Windy
2023-12-21,Chicago,2.8,68,14.3,0.9,Stormy
2023-12-21,Houston,14.7,93,11.8,8.3,Cloudy
2023-12-21,Miami,8.6,78,5.9,0.5,Windy
2023-12-22,New York,25.9,97,4.8,14.9,Rainy
2023-12-22,Los Angeles,8.5,87,4.4,6.5,Snowy
2023-12-22,Chicago,30.1,32,9.1,4.6,Rainy
2023-12-22,Houston,6.4,78,4.1,10.7,Sunny
2023-12-22,Miami,32.5,83,7.3,9.0,Cloudy
2023-12-23,New York,-4.0,54,16.1,11.2,Rainy
2023-12-23,Los Angeles,21.4,95,13.9,3.8,Stormy
2023-12-23,Chicago,21.0,97,0.6,4.8,Stormy
2023-12-23,Houston,-6.6,67,5.6,8.7,Stormy
2023-12-23,Miami,15.8,73,1.2,5.2,Rainy
2023-12-24,New York,28.2,75,18.1,20.0,Sunny
2023-12-24,Los Angeles,31.2,64,11.2,8.2,Sunny
2023-12-24,Chicago,6.0,63,3.7,3.8,Windy
2023-12-24,Houston,32.9,57,12.3,12.7,Snowy
2023-12-24,Miami,27.5,97,2.4,12.4,Rainy
2023-12-25,New York,18.0,57,12.1,7.4,Windy
2023-12-25,Los Angeles,10.6,60,3.9,2.9,Sunny
2023-12-25,Chicago,14.6,87,10.9,14.2,Windy
2023-12-25,Houston,9.4,36,9.8,12.1,Snowy
2023-12-25,Miami,4.3,82,8.6,16.8,Windy
2023-12-26,New York,25.7,35,15.4,1.1,Windy
2023-12-26,Los Angeles,-9.9,65,7.0,14.3,Snowy
2023-12-26,Chicago,13.2,39,10.0,8.8,Cloudy
2023-12-26,Houston,24.9,60,13.3,19.6,Cloudy
2023-12-26,Miami,34.6,61,5.0,0.6,Sunny
2023-12-27,New York,17.8,34,5.5,14.8,Snowy
2023-12-27,Los Angeles,2.0,99,6.6,7.5,Sunny
2023-12-27,Chicago,-9.4,89,8.9,7.9,Sunny
2023-12-27,Houston,-3.1,40,19.5,18.1,Cloudy
2023-12-27,Miami,6.6,62,9.8,2.2,Rainy
2023-12-28,New York,25.1,100,12.4,4.7,Rainy
2023-12-28,Los Angeles,11.8,83,19.2,7.2,Cloudy
2023-12-28,Chicago,-9.3,95,1.1,3.3,Windy
2023-12-28,Houston,-2.3,72,1.3,6.4,Stormy
2023-12-28,Miami,7.0,51,6.1,3.8,Windy
2023-12-29,New York,-2.7,47,2.6,4.9,Stormy
2023-12-29,Los Angeles,-3.4,37,2.2,10.3,Rainy
2023-12-29,Chicago,9.3,57,7.2,9.1,Snowy
2023-12-29,Houston,6.4,64,6.3,13.8,Sunny
2023-12-29,Miami,34.5,76,14.4,1.5,Snowy
2023-12-30,New York,1.4,77,16.8,4.7,Snowy
2023-12-30,Los Angeles,23.6,40,5.3,11.9,Sunny
2023-12-30,Chicago,11.9,34,19.9,3.3,Cloudy
2023-12-30,Houston,23.8,54,12.4,13.4,Windy
2023-12-30,Miami,24.5,37,17.0,11.1,Rainy
2023-12-31,New York,16.5,37,7.4,17.4,Snowy
2023-12-31,Los Angeles,34.2,90,5.1,6.0,Stormy
2023-12-31,Chicago,31.9,68,18.3,15.3,Stormy
2023-12-31,Houston,34.5,55,14.9,0.9,Rainy
2023-12-31,Miami,18.5,70,13.1,16.5,Windy
